t,S,I,R,beta,delta,contact_rate,infection_prob,I0
0.0,11351.0,1.0,0.0,0.08,0.06428571428571428,2.0,0.04,1
0.25,11350.980001761804,1.003926809624484,0.01607142857142857,0.08,0.06428571428571428,2.0,0.04,1
0.5,11350.959925029705,1.007869003711464,0.03220596658325063,0.08,0.06428571428571428,2.0,0.04,1
0.75,11350.93976949646,1.0118266422556257,0.0484038612857563,0.08,0.06428571428571428,2.0,0.04,1
1.0,11350.919534853623,1.0157997854834206,0.064665360893436,0.08,0.06428571428571428,2.0,0.04,1
1.25,11350.899220791558,1.019788493853944,0.08099071458870526,0.08,0.06428571428571428,2.0,0.04,1
1.5,11350.878826999415,1.0237928280598156,0.09738017252564364,0.08,0.06428571428571428,2.0,0.04,1
1.75,11350.858353165138,1.0278128490280645,0.11383398583374782,0.08,0.06428571428571428,2.0,0.04,1
2.0,11350.837798975457,1.0318486179210167,0.13035240662169886,0.08,0.06428571428571428,2.0,0.04,1
2.25,11350.817164115882,1.0359001961371856,0.14693568798114376,0.08,0.06428571428571428,2.0,0.04,1
2.5,11350.796448270698,1.0399676453121667,0.16358408399049137,0.08,0.06428571428571428,2.0,0.04,1
2.75,11350.775651122962,1.044051027319534,0.18029784971872262,0.08,0.06428571428571428,2.0,0.04,1
3.0,11350.7547723545,1.0481504042717416,0.19707724122921513,0.08,0.06428571428571428,2.0,0.04,1
3.25,11350.733811645896,1.0522658385210262,0.2139225155835824,0.08,0.06428571428571428,2.0,0.04,1
3.5,11350.712768676494,1.0563973926603154,0.23083393084552747,0.08,0.06428571428571428,2.0,0.04,1
3.75,11350.691643124392,1.0605451295241375,0.24781174608471113,0.08,0.06428571428571428,2.0,0.04,1
4.0,11350.67043466643,1.0647091121895351,0.26485622138063475,0.08,0.06428571428571428,2.0,0.04,1
4.25,11350.649142978196,1.0688894039769823,0.281967617826538,0.08,0.06428571428571428,2.0,0.04,1
4.5,11350.627767734015,1.0730860684513048,0.29914619753331095,0.08,0.06428571428571428,2.0,0.04,1
4.75,11350.606308606944,1.077299169422604,0.31639222363342123,0.08,0.06428571428571428,2.0,0.04,1
5.0,11350.584765268768,1.0815287709471826,0.33370596028485594,0.08,0.06428571428571428,2.0,0.04,1
5.25,11350.563137389996,1.0857749373284769,0.3510876726750785,0.08,0.06428571428571428,2.0,0.04,1
5.5,11350.541424639856,1.0900377331179885,0.3685376270250005,0.08,0.06428571428571428,2.0,0.04,1
5.75,11350.51962668629,1.0943172231162228,0.38605609059296814,0.08,0.06428571428571428,2.0,0.04,1
6.0,11350.497743195947,1.0986134723736285,0.4036433316787646,0.08,0.06428571428571428,2.0,0.04,1
6.25,11350.47577383418,1.1029265461915416,0.42129961962762646,0.08,0.06428571428571428,2.0,0.04,1
6.5,11350.453718265042,1.107256510123133,0.43902522483427625,0.08,0.06428571428571428,2.0,0.04,1
6.75,11350.431576151279,1.1116034299743587,0.45682041874696944,0.08,0.06428571428571428,2.0,0.04,1
7.0,11350.409347154324,1.1159673718049135,0.47468547387155735,0.08,0.06428571428571428,2.0,0.04,1
7.25,11350.387030934295,1.1203484019291894,0.4926206637755649,0.08,0.06428571428571428,2.0,0.04,1
7.5,11350.36462714999,1.124746586917236,0.510626263092284,0.08,0.06428571428571428,2.0,0.04,1
7.75,11350.342135458879,1.1291619935957247,0.5287025475248824,0.08,0.06428571428571428,2.0,0.04,1
8.0,11350.3195555171,1.1335946890489168,0.546849793850528,0.08,0.06428571428571428,2.0,0.04,1
8.25,11350.296886979455,1.138044740619635,0.5650682799245285,0.08,0.06428571428571428,2.0,0.04,1
8.5,11350.274129499405,1.1425122159102374,0.5833582846844869,0.08,0.06428571428571428,2.0,0.04,1
8.75,11350.251282729061,1.1469971827835972,0.6017200881544729,0.08,0.06428571428571428,2.0,0.04,1
9.0,11350.228346319185,1.151499709364083,0.6201539714492093,0.08,0.06428571428571428,2.0,0.04,1
9.25,11350.205319919181,1.1560198640385455,0.6386602167782749,0.08,0.06428571428571428,2.0,0.04,1
9.5,11350.18220317709,1.1605577154573052,0.657239107450323,0.08,0.06428571428571428,2.0,0.04,1
9.75,11350.158995739584,1.1651133325351462,0.6758909278773154,0.08,0.06428571428571428,2.0,0.04,1
10.0,11350.135697251966,1.1696867844523107,0.6946159635787731,0.08,0.06428571428571428,2.0,0.04,1
10.25,11350.112307358155,1.1742781406554996,0.7134145011860423,0.08,0.06428571428571428,2.0,0.04,1
10.5,11350.08882570069,1.1788874708588755,0.7322868284465771,0.08,0.06428571428571428,2.0,0.04,1
10.75,11350.065251920721,1.1835148450450688,0.7512332342282376,0.08,0.06428571428571428,2.0,0.04,1
11.0,11350.041585658006,1.1881603334661892,0.7702540085236048,0.08,0.06428571428571428,2.0,0.04,1
11.25,11350.017826550897,1.1928240066448388,0.7893494424543114,0.08,0.06428571428571428,2.0,0.04,1
11.5,11349.993974236346,1.1975059353751296,0.8085198282753892,0.08,0.06428571428571428,2.0,0.04,1
11.75,11349.970028349893,1.2022061907237054,0.8277654593796323,0.08,0.06428571428571428,2.0,0.04,1
12.0,11349.945988525664,1.206924844030766,0.8470866303019776,0.08,0.06428571428571428,2.0,0.04,1
12.25,11349.921854396362,1.2116619669110964,0.8664836367239006,0.08,0.06428571428571428,2.0,0.04,1
12.5,11349.897625593263,1.2164176312550983,0.8859567754778289,0.08,0.06428571428571428,2.0,0.04,1
12.75,11349.873301746215,1.2211919092298265,0.9055063445515715,0.08,0.06428571428571428,2.0,0.04,1
13.0,11349.848882483624,1.2259848732800283,0.9251326430927652,0.08,0.06428571428571428,2.0,0.04,1
13.25,11349.824367432455,1.2307965961291871,0.9448359714133371,0.08,0.06428571428571428,2.0,0.04,1
13.5,11349.799756218223,1.235627150780569,0.9646166309939848,0.08,0.06428571428571428,2.0,0.04,1
13.75,11349.77504846499,1.2404766105182736,0.9844749244886725,0.08,0.06428571428571428,2.0,0.04,1
14.0,11349.750243795359,1.245345048908289,1.0044111557291446,0.08,0.06428571428571428,2.0,0.04,1
14.25,11349.725341830468,1.250232539799549,1.0244256297294565,0.08,0.06428571428571428,2.0,0.04,1
14.5,11349.70034218998,1.2551391573249966,1.0445186526905206,0.08,0.06428571428571428,2.0,0.04,1
14.75,11349.67524449209,1.260064975902648,1.0646905320046722,0.08,0.06428571428571428,2.0,0.04,1
15.0,11349.6500483535,1.2650100702366642,1.0849415762602506,0.08,0.06428571428571428,2.0,0.04,1
15.25,11349.624753389433,1.2699745153184225,1.105272095246197,0.08,0.06428571428571428,2.0,0.04,1
15.5,11349.599359213613,1.274958386427595,1.1256823999566716,0.08,0.06428571428571428,2.0,0.04,1
15.75,11349.573865438268,1.2799617591332288,1.1461728025956865,0.08,0.06428571428571428,2.0,0.04,1
16.0,11349.54827167412,1.2849847092948317,1.1667436165817562,0.08,0.06428571428571428,2.0,0.04,1
16.25,11349.52257753038,1.2900273130634596,1.187395156552566,0.08,0.06428571428571428,2.0,0.04,1
16.5,11349.496782614744,1.2950896468828106,1.2081277383696574,0.08,0.06428571428571428,2.0,0.04,1
16.75,11349.470886533383,1.3001717874903203,1.2289416791231311,0.08,0.06428571428571428,2.0,0.04,1
17.0,11349.444888890943,1.3052738119182625,1.2498372971363685,0.08,0.06428571428571428,2.0,0.04,1
17.25,11349.418789290532,1.3103957974948537,1.2708149119707692,0.08,0.06428571428571428,2.0,0.04,1
17.5,11349.392587333721,1.3155378218453606,1.291874844430508,0.08,0.06428571428571428,2.0,0.04,1
17.75,11349.366282620536,1.320699962893213,1.3130174165673083,0.08,0.06428571428571428,2.0,0.04,1
18.0,11349.33987474945,1.3258822988611187,1.334242951685235,0.08,0.06428571428571428,2.0,0.04,1
18.25,11349.313363317378,1.3310849082721843,1.355551774345503,0.08,0.06428571428571428,2.0,0.04,1
18.5,11349.286747919674,1.336307869951039,1.3769442103713059,0.08,0.06428571428571428,2.0,0.04,1
18.75,11349.260028150118,1.3415512630249615,1.3984205868526618,0.08,0.06428571428571428,2.0,0.04,1
19.0,11349.23320360092,1.3468151669250132,1.4199812321512773,0.08,0.06428571428571428,2.0,0.04,1
19.25,11349.206273862703,1.3520996613871732,1.4416264759054291,0.08,0.06428571428571428,2.0,0.04,1
19.5,11349.179238524506,1.3574048264534782,1.463356649034866,0.08,0.06428571428571428,2.0,0.04,1
19.75,11349.152097173775,1.3627307424731663,1.4851720837457254,0.08,0.06428571428571428,2.0,0.04,1
20.0,11349.124849396356,1.368077490103825,1.5070731135354727,0.08,0.06428571428571428,2.0,0.04,1
20.25,11349.097494776484,1.3734451503125436,1.5290600731978556,0.08,0.06428571428571428,2.0,0.04,1
20.5,11349.07003289679,1.3788338043770678,1.5511332988278788,0.08,0.06428571428571428,2.0,0.04,1
20.75,11349.04246333828,1.3842435338869612,1.5732931278267959,0.08,0.06428571428571428,2.0,0.04,1
21.0,11349.014785680343,1.3896744207447684,1.5955398989071221,0.08,0.06428571428571428,2.0,0.04,1
21.25,11348.98699950073,1.395126547167184,1.617873952097663,0.08,0.06428571428571428,2.0,0.04,1
21.5,11348.95910437556,1.4005999956862243,1.6402956287485642,0.08,0.06428571428571428,2.0,0.04,1
21.75,11348.931099879308,1.4060948491504035,1.6628052715363786,0.08,0.06428571428571428,2.0,0.04,1
22.0,11348.9029855848,1.4116111907259152,1.685403224469153,0.08,0.06428571428571428,2.0,0.04,1
22.25,11348.874761063205,1.4171491038978161,1.7080898328915337,0.08,0.06428571428571428,2.0,0.04,1
22.5,11348.846425884034,1.4227086724712152,1.7308654434898916,0.08,0.06428571428571428,2.0,0.04,1
22.75,11348.817979615125,1.4282899805724674,1.7537304042974646,0.08,0.06428571428571428,2.0,0.04,1
23.0,11348.789421822645,1.4338931126503693,1.776685064699522,0.08,0.06428571428571428,2.0,0.04,1
23.25,11348.760752071079,1.4395181534773618,1.7997297754385457,0.08,0.06428571428571428,2.0,0.04,1
23.5,11348.731969923225,1.4451651881507352,1.8228648886194319,0.08,0.06428571428571428,2.0,0.04,1
23.75,11348.703074940186,1.4508343020938388,1.8460907577147114,0.08,0.06428571428571428,2.0,0.04,1
24.0,11348.674066681368,1.4565255810572952,1.869407737569791,0.08,0.06428571428571428,2.0,0.04,1
24.25,11348.644944704467,1.4622391111202186,1.8928161844082119,0.08,0.06428571428571428,2.0,0.04,1
24.5,11348.615708565467,1.4679749786914367,1.9163164558369297,0.08,0.06428571428571428,2.0,0.04,1
24.75,11348.586357818633,1.4737332705107182,1.9399089108516134,0.08,0.06428571428571428,2.0,0.04,1
25.0,11348.556892016502,1.4795140736500034,1.9635939098419644,0.08,0.06428571428571428,2.0,0.04,1
25.25,11348.527310709882,1.4853174755146394,1.9873718145970536,0.08,0.06428571428571428,2.0,0.04,1
25.5,11348.497613447838,1.4911435638446204,2.011242988310682,0.08,0.06428571428571428,2.0,0.04,1
25.75,11348.46779977769,1.4969924267158308,2.0352077955867562,0.08,0.06428571428571428,2.0,0.04,1
26.0,11348.437869245008,1.502864152541294,2.0592666024446893,0.08,0.06428571428571428,2.0,0.04,1
26.25,11348.407821393597,1.5087588300724248,2.083419776324817,0.08,0.06428571428571428,2.0,0.04,1
26.5,11348.3776557655,1.5146765484002864,2.107667686093838,0.08,0.06428571428571428,2.0,0.04,1
26.75,11348.347371900987,1.5206173969568515,2.132010702050271,0.08,0.06428571428571428,2.0,0.04,1
27.0,11348.316969338548,1.5265814655162686,2.156449195929935,0.08,0.06428571428571428,2.0,0.04,1
27.25,11348.286447614886,1.5325688441961314,2.180983540911446,0.08,0.06428571428571428,2.0,0.04,1
27.5,11348.255806264913,1.5385796234587537,2.2056141116217414,0.08,0.06428571428571428,2.0,0.04,1
27.75,11348.22504482174,1.5446138941124479,2.2303412841416144,0.08,0.06428571428571428,2.0,0.04,1
28.0,11348.19416281667,1.550671747312809,2.2551654360112785,0.08,0.06428571428571428,2.0,0.04,1
28.25,11348.163159779193,1.5567532745640023,2.2800869462359485,0.08,0.06428571428571428,2.0,0.04,1
28.5,11348.132035236982,1.5628585677200542,2.3051061952914416,0.08,0.06428571428571428,2.0,0.04,1
28.75,11348.100788715878,1.568987718986151,2.3302235651297996,0.08,0.06428571428571428,2.0,0.04,1
29.0,11348.069419739888,1.5751408209199387,2.3554394391849343,0.08,0.06428571428571428,2.0,0.04,1
29.25,11348.037927831181,1.5813179664328292,2.3807542023782906,0.08,0.06428571428571428,2.0,0.04,1
29.5,11348.006312510077,1.5875192487913101,2.4061682411245324,0.08,0.06428571428571428,2.0,0.04,1
29.75,11347.974573295038,1.5937447616182596,2.43168194333725,0.08,0.06428571428571428,2.0,0.04,1
30.0,11347.942709702664,1.599994598894266,2.4572956984346863,0.08,0.06428571428571428,2.0,0.04,1
30.25,11347.910721247688,1.6062688549589514,2.483009897345487,0.08,0.06428571428571428,2.0,0.04,1
30.5,11347.878607442966,1.612567624512299,2.50882493251447,0.08,0.06428571428571428,2.0,0.04,1
30.75,11347.846367799468,1.6188910026159875,2.5347411979084176,0.08,0.06428571428571428,2.0,0.04,1
31.0,11347.814001826275,1.6252390846947276,2.560759089021889,0.08,0.06428571428571428,2.0,0.04,1
31.25,11347.78150903057,1.631611966537604,2.5868790028830544,0.08,0.06428571428571428,2.0,0.04,1
31.5,11347.748888917631,1.6380097442994233,2.613101338059552,0.08,0.06428571428571428,2.0,0.04,1
31.75,11347.716140990824,1.6444325145020635,2.639426494664364,0.08,0.06428571428571428,2.0,0.04,1
32.0,11347.683264751593,1.6508803740358315,2.6658548743617185,0.08,0.06428571428571428,2.0,0.04,1
32.25,11347.650259699456,1.6573534201608227,2.6923868803730087,0.08,0.06428571428571428,2.0,0.04,1
32.5,11347.617125331999,1.6638517505082864,2.7190229174827363,0.08,0.06428571428571428,2.0,0.04,1
32.75,11347.583861144863,1.670375463081996,2.7457633920444766,0.08,0.06428571428571428,2.0,0.04,1
33.0,11347.550466631743,1.6769246562596238,2.772608711986866,0.08,0.06428571428571428,2.0,0.04,1
33.25,11347.516941284375,1.6834994287941194,2.7995592868196097,0.08,0.06428571428571428,2.0,0.04,1
33.5,11347.483284592534,1.6900998798150946,2.826615527639515,0.08,0.06428571428571428,2.0,0.04,1
33.75,11347.449496044022,1.6967261088302115,2.8537778471365436,0.08,0.06428571428571428,2.0,0.04,1
34.0,11347.415575124664,1.7033782157265764,2.8810466595998863,0.08,0.06428571428571428,2.0,0.04,1
34.25,11347.381521318293,1.7100563007721383,2.9084223809240632,0.08,0.06428571428571428,2.0,0.04,1
34.5,11347.347334106758,1.7167604646170906,2.935905428615044,0.08,0.06428571428571428,2.0,0.04,1
34.75,11347.313012969898,1.7234908082952805,2.96349622179639,0.08,0.06428571428571428,2.0,0.04,1
35.0,11347.278557385549,1.7302474332256204,2.991195181215421,0.08,0.06428571428571428,2.0,0.04,1
35.25,11347.243966829526,1.7370304412135056,3.0190027292494044,0.08,0.06428571428571428,2.0,0.04,1
35.5,11347.209240775624,1.7438399344522366,3.0469192899117643,0.08,0.06428571428571428,2.0,0.04,1
35.75,11347.174378695605,1.750676015524446,3.074945288858318,0.08,0.06428571428571428,2.0,0.04,1
36.0,11347.13938005919,1.7575387874035304,3.1030811533935325,0.08,0.06428571428571428,2.0,0.04,1
36.25,11347.104244334056,1.7644283534550869,3.1313273124768037,0.08,0.06428571428571428,2.0,0.04,1
36.5,11347.06897098582,1.7713448174383548,3.1596841967287603,0.08,0.06428571428571428,2.0,0.04,1
36.75,11347.03355947804,1.7782882835076623,3.188152238437591,0.08,0.06428571428571428,2.0,0.04,1
37.0,11346.998009272207,1.7852588562138776,3.216731871565393,0.08,0.06428571428571428,2.0,0.04,1
37.25,11346.962319827726,1.7922566405058649,3.2454235317545446,0.08,0.06428571428571428,2.0,0.04,1
37.5,11346.92649060192,1.799281741731946,3.2742276563341033,0.08,0.06428571428571428,2.0,0.04,1
37.75,11346.890521050018,1.8063342656413663,3.3031446843262238,0.08,0.06428571428571428,2.0,0.04,1
38.0,11346.854410625147,1.8134143183857656,3.332175056452603,0.08,0.06428571428571428,2.0,0.04,1
38.25,11346.818158778324,1.8205220065206547,3.3613192151409454,0.08,0.06428571428571428,2.0,0.04,1
38.5,11346.781764958447,1.8276574370068956,3.390577604531456,0.08,0.06428571428571428,2.0,0.04,1
38.75,11346.74522861229,1.8348207172121882,3.4199506704833524,0.08,0.06428571428571428,2.0,0.04,1
39.0,11346.708549184492,1.8420119549125609,3.4494388605814055,0.08,0.06428571428571428,2.0,0.04,1
39.25,11346.671726117549,1.8492312582938664,3.4790426241425,0.08,0.06428571428571428,2.0,0.04,1
39.5,11346.63475885181,1.8564787359532833,3.508762412222223,0.08,0.06428571428571428,2.0,0.04,1
39.75,11346.597646825463,1.863754496900822,3.538598677621472,0.08,0.06428571428571428,2.0,0.04,1
40.0,11346.56038947453,1.8710586505608353,3.5685518748930924,0.08,0.06428571428571428,2.0,0.04,1
40.25,11346.522986232863,1.878391306773535,3.5986224603485346,0.08,0.06428571428571428,2.0,0.04,1
40.5,11346.485436532124,1.8857525757965132,3.628810892064538,0.08,0.06428571428571428,2.0,0.04,1
40.75,11346.44773980179,1.8931425683062686,3.659117629889839,0.08,0.06428571428571428,2.0,0.04,1
41.0,11346.409895469134,1.9005613953997378,3.6895431354519044,0.08,0.06428571428571428,2.0,0.04,1
41.25,11346.371902959227,1.908009168595832,3.720087872163686,0.08,0.06428571428571428,2.0,0.04,1
41.5,11346.33376169492,1.9154859998369786,3.750752305230405,0.08,0.06428571428571428,2.0,0.04,1
41.75,11346.295471096839,1.9229920014906683,3.7815369016563563,0.08,0.06428571428571428,2.0,0.04,1
42.0,11346.257030583383,1.9305272863510068,3.812442130251742,0.08,0.06428571428571428,2.0,0.04,1
42.25,11346.218439570706,1.9380919676402721,3.8434684616395263,0.08,0.06428571428571428,2.0,0.04,1
42.5,11346.179697472713,1.945686159010477,3.8746163682623163,0.08,0.06428571428571428,2.0,0.04,1
42.75,11346.140803701051,1.9533099745449365,3.9058863243892703,0.08,0.06428571428571428,2.0,0.04,1
43.0,11346.101757665103,1.9609635287598406,3.9372788061230284,0.08,0.06428571428571428,2.0,0.04,1
43.25,11346.062558771973,1.9686469366058323,3.9687942914066685,0.08,0.06428571428571428,2.0,0.04,1
43.5,11346.023206426486,1.9763603134695913,4.00043326003069,0.08,0.06428571428571428,2.0,0.04,1
43.75,11345.98370003117,1.9841037751754211,4.032196193640023,0.08,0.06428571428571428,2.0,0.04,1
44.0,11345.94403898626,1.9918774379868447,4.064083575741057,0.08,0.06428571428571428,2.0,0.04,1
44.25,11345.90422268967,1.999681418608202,4.0960958917087025,0.08,0.06428571428571428,2.0,0.04,1
44.5,11345.864250537008,2.007515834186255,4.1282336287934775,0.08,0.06428571428571428,2.0,0.04,1
44.75,11345.824121921547,2.0153808023117965,4.160497276128614,0.08,0.06428571428571428,2.0,0.04,1
45.0,11345.783836234228,2.0232764410212667,4.192887324737196,0.08,0.06428571428571428,2.0,0.04,1
45.25,11345.74339286365,2.0312028687983723,4.225404267539323,0.08,0.06428571428571428,2.0,0.04,1
45.5,11345.702791196052,2.0391602045757113,4.258048599359297,0.08,0.06428571428571428,2.0,0.04,1
45.75,11345.662030615318,2.047148567736406,4.290820816932835,0.08,0.06428571428571428,2.0,0.04,1
46.0,11345.621110502958,2.0551680781157375,4.323721418914313,0.08,0.06428571428571428,2.0,0.04,1
46.25,11345.580030238101,2.0632188560027886,4.35675090588403,0.08,0.06428571428571428,2.0,0.04,1
46.5,11345.53878919749,2.0713010221420904,4.389909780355503,0.08,0.06428571428571428,2.0,0.04,1
46.75,11345.497386755469,2.0794146977352748,4.423198546782786,0.08,0.06428571428571428,2.0,0.04,1
47.0,11345.455822283977,2.0875600044427323,4.456617711567818,0.08,0.06428571428571428,2.0,0.04,1
47.25,11345.414095152535,2.0957370643852755,4.49016778306779,0.08,0.06428571428571428,2.0,0.04,1
47.5,11345.372204728239,2.103946000145809,4.523849271602553,0.08,0.06428571428571428,2.0,0.04,1
47.75,11345.330150375754,2.112186934771001,4.557662689462039,0.08,0.06428571428571428,2.0,0.04,1
48.0,11345.2879314573,2.1204599917729663,4.591608550913716,0.08,0.06428571428571428,2.0,0.04,1
48.25,11345.245547332646,2.128765295130949,4.625687372210067,0.08,0.06428571428571428,2.0,0.04,1
48.5,11345.202997359098,2.1371029692930144,4.659899671596101,0.08,0.06428571428571428,2.0,0.04,1
48.75,11345.160280891492,2.145473139177745,4.694245969316881,0.08,0.06428571428571428,2.0,0.04,1
49.0,11345.117397282185,2.1538759301759423,4.728726787625095,0.08,0.06428571428571428,2.0,0.04,1
49.25,11345.074345881045,2.162311468152334,4.763342650788637,0.08,0.06428571428571428,2.0,0.04,1
49.5,11345.031126035441,2.1707798794472875,4.798094085098228,0.08,0.06428571428571428,2.0,0.04,1
49.75,11344.987737090232,2.1792812908785266,4.832981618875059,0.08,0.06428571428571428,2.0,0.04,1
50.0,11344.944178387765,2.187815829742858,4.8680057824784635,0.08,0.06428571428571428,2.0,0.04,1
50.25,11344.900449267854,2.1963836238178986,4.903167108313617,0.08,0.06428571428571428,2.0,0.04,1
50.5,11344.856549067783,2.204984801363812,4.938466130839261,0.08,0.06428571428571428,2.0,0.04,1
50.75,11344.812477122285,2.213619491125048,4.973903386575465,0.08,0.06428571428571428,2.0,0.04,1
51.0,11344.768232763541,2.222287822332092,5.009479414111404,0.08,0.06428571428571428,2.0,0.04,1
51.25,11344.723815321167,2.230989924703213,5.04519475411317,0.08,0.06428571428571428,2.0,0.04,1
51.5,11344.679224122207,2.239725928446224,5.081049949331614,0.08,0.06428571428571428,2.0,0.04,1
51.75,11344.634458491113,2.2484959642602447,5.117045544610215,0.08,0.06428571428571428,2.0,0.04,1
52.0,11344.589517749753,2.2573001633374714,5.1531820868929685,0.08,0.06428571428571428,2.0,0.04,1
52.25,11344.544401217387,2.26613865736495,5.189460125232321,0.08,0.06428571428571428,2.0,0.04,1
52.5,11344.49910821066,2.275011578526357,5.225880210797115,0.08,0.06428571428571428,2.0,0.04,1
52.75,11344.4536380436,2.2839190595037877,5.262442896880574,0.08,0.06428571428571428,2.0,0.04,1
53.0,11344.407990027597,2.2928612334795453,5.299148738908314,0.08,0.06428571428571428,2.0,0.04,1
53.25,11344.362163471402,2.3018382341379398,5.3359982944463775,0.08,0.06428571428571428,2.0,0.04,1
53.5,11344.316157681109,2.3108501956670917,5.3729921232093085,0.08,0.06428571428571428,2.0,0.04,1
53.75,11344.269971960157,2.3198972527607404,5.410130787068244,0.08,0.06428571428571428,2.0,0.04,1
54.0,11344.223605609306,2.32897954062006,5.447414850059042,0.08,0.06428571428571428,2.0,0.04,1
54.25,11344.17705792664,2.3380971949554796,5.484844878390436,0.08,0.06428571428571428,2.0,0.04,1
54.5,11344.130328207544,2.3472503519885093,5.52242144045222,0.08,0.06428571428571428,2.0,0.04,1
54.75,11344.083415744708,2.356439148453574,5.560145106823464,0.08,0.06428571428571428,2.0,0.04,1
55.0,11344.036319828105,2.3656637215998497,5.5980164502807535,0.08,0.06428571428571428,2.0,0.04,1
55.25,11343.989039744985,2.3749242091931095,5.636036045806465,0.08,0.06428571428571428,2.0,0.04,1
55.5,11343.94157477987,2.3842207495175725,5.6742044705970685,0.08,0.06428571428571428,2.0,0.04,1
55.75,11343.893924214535,2.393553481377759,5.712522304071458,0.08,0.06428571428571428,2.0,0.04,1
56.0,11343.846087328006,2.4029225441003526,5.750990127879314,0.08,0.06428571428571428,2.0,0.04,1
56.25,11343.79806339654,2.4123280775360687,5.7896085259094985,0.08,0.06428571428571428,2.0,0.04,1
56.5,11343.749851693625,2.4217702220615265,5.828378084298471,0.08,0.06428571428571428,2.0,0.04,1
56.75,11343.701451489966,2.4312491185811296,5.8672993914387455,0.08,0.06428571428571428,2.0,0.04,1
57.0,11343.65286205347,2.4407649085289496,5.906373037987371,0.08,0.06428571428571428,2.0,0.04,1
57.25,11343.60408264924,2.4503177338706195,5.945599616874444,0.08,0.06428571428571428,2.0,0.04,1
57.5,11343.555112539569,2.4599077371052287,5.98497972331165,0.08,0.06428571428571428,2.0,0.04,1
57.75,11343.505950983918,2.4695350612672278,6.024513954800841,0.08,0.06428571428571428,2.0,0.04,1
58.0,11343.456597238915,2.479199849928337,6.064202911142636,0.08,0.06428571428571428,2.0,0.04,1
58.25,11343.407050558342,2.488902247199461,6.104047194445055,0.08,0.06428571428571428,2.0,0.04,1
58.5,11343.357310193122,2.49864239773261,6.144047409132189,0.08,0.06428571428571428,2.0,0.04,1
58.75,11343.30737539131,2.5084204467228286,6.184204161952891,0.08,0.06428571428571428,2.0,0.04,1
59.0,11343.257245398087,2.5182365399101254,6.224518061989508,0.08,0.06428571428571428,2.0,0.04,1
59.25,11343.206919455739,2.5280908235814157,6.264989720666636,0.08,0.06428571428571428,2.0,0.04,1
59.5,11343.156396803655,2.537983444572465,6.305619751759909,0.08,0.06428571428571428,2.0,0.04,1
59.75,11343.105676678313,2.547914550269841,6.346408771404823,0.08,0.06428571428571428,2.0,0.04,1
60.0,11343.05475831327,2.5578842886128688,6.387357398105588,0.08,0.06428571428571428,2.0,0.04,1
60.25,11343.003640939149,2.567892808095598,6.428466252744009,0.08,0.06428571428571428,2.0,0.04,1
60.5,11342.952323783631,2.5779402577687693,6.4697359585884024,0.08,0.06428571428571428,2.0,0.04,1
60.75,11342.900806071444,2.5880267872417915,6.511167141302543,0.08,0.06428571428571428,2.0,0.04,1
61.0,11342.84908702435,2.5981525466847217,6.5527604289546435,0.08,0.06428571428571428,2.0,0.04,1
61.25,11342.797165861131,2.6083176868302558,6.594516452026363,0.08,0.06428571428571428,2.0,0.04,1
61.5,11342.74504179759,2.6185223589757203,6.6364358434218484,0.08,0.06428571428571428,2.0,0.04,1
61.75,11342.692714046527,2.628766714985073,6.678519238476816,0.08,0.06428571428571428,2.0,0.04,1
62.0,11342.640181817731,2.6390509072909105,6.720767274967647,0.08,0.06428571428571428,2.0,0.04,1
62.25,11342.587444317973,2.649375088896478,6.763180593120537,0.08,0.06428571428571428,2.0,0.04,1
62.5,11342.534500750991,2.6597394133776917,6.805759835620659,0.08,0.06428571428571428,2.0,0.04,1
62.75,11342.481350317483,2.67014403488516,6.848505647621372,0.08,0.06428571428571428,2.0,0.04,1
63.0,11342.427992215089,2.6805891081462176,6.891418676753455,0.08,0.06428571428571428,2.0,0.04,1
63.25,11342.374425638387,2.6910747884669606,6.934499573134376,0.08,0.06428571428571428,2.0,0.04,1
63.5,11342.320649778876,2.701601231734291,6.977748989377595,0.08,0.06428571428571428,2.0,0.04,1
63.75,11342.266663824968,2.712168594417967,7.0211675806018965,0.08,0.06428571428571428,2.0,0.04,1
64.0,11342.212466961975,2.7227770335726587,7.064756004440756,0.08,0.06428571428571428,2.0,0.04,1
64.25,11342.158058372097,2.7334267068400093,7.1085149210517455,0.08,0.06428571428571428,2.0,0.04,1
64.5,11342.103437234413,2.744117772450705,7.15244499312596,0.08,0.06428571428571428,2.0,0.04,1
64.75,11342.048602724866,2.754850389226549,7.196546885897489,0.08,0.06428571428571428,2.0,0.04,1
65.0,11341.993554016255,2.7656247165825443,7.240821267152916,0.08,0.06428571428571428,2.0,0.04,1
65.25,11341.93829027822,2.7764409145289783,7.28526880724085,0.08,0.06428571428571428,2.0,0.04,1
65.5,11341.882810677234,2.7872991436735197,7.329890179081493,0.08,0.06428571428571428,2.0,0.04,1
65.75,11341.82711437659,2.798199565223316,7.374686058176247,0.08,0.06428571428571428,2.0,0.04,1
66.0,11341.771200536386,2.8091423409871012,7.419657122617336,0.08,0.06428571428571428,2.0,0.04,1
66.25,11341.715068313517,2.8201276333773087,7.4648040530974855,0.08,0.06428571428571428,2.0,0.04,1
66.5,11341.65871686166,2.83115560541219,7.510127532919621,0.08,0.06428571428571428,2.0,0.04,1
66.75,11341.602145331268,2.8422264207179406,7.555628248006602,0.08,0.06428571428571428,2.0,0.04,1
67.0,11341.54535286955,2.8533402435308317,7.601306886910998,0.08,0.06428571428571428,2.0,0.04,1
67.25,11341.488338620467,2.864497238699348,7.647164140824886,0.08,0.06428571428571428,2.0,0.04,1
67.5,11341.431101724716,2.8756975716863327,7.693200703589697,0.08,0.06428571428571428,2.0,0.04,1
67.75,11341.373641319715,2.886941408571139,7.739417271706084,0.08,0.06428571428571428,2.0,0.04,1
68.0,11341.315956539596,2.8982289160517873,7.785814544343834,0.08,0.06428571428571428,2.0,0.04,1
68.25,11341.258046515193,2.9095602614471288,7.83239322335181,0.08,0.06428571428571428,2.0,0.04,1
68.5,11341.199910374025,2.9209356126990165,7.879154013267924,0.08,0.06428571428571428,2.0,0.04,1
68.75,11341.14154724029,2.9323551383744815,7.926097621329158,0.08,0.06428571428571428,2.0,0.04,1
69.0,11341.082956234844,2.943819007667916,7.9732247574816055,0.08,0.06428571428571428,2.0,0.04,1
69.25,11341.0241364752,2.955327390403264,8.020536134390554,0.08,0.06428571428571428,2.0,0.04,1
69.5,11340.965087075507,2.9668804570362166,8.068032467450607,0.08,0.06428571428571428,2.0,0.04,1
69.75,11340.90580714654,2.978478378656415,8.115714474795832,0.08,0.06428571428571428,2.0,0.04,1
70.0,11340.846295795693,2.99012132698966,8.163582877309953,0.08,0.06428571428571428,2.0,0.04,1
70.25,11340.786552126956,3.0018094744001274,8.211638398636572,0.08,0.06428571428571428,2.0,0.04,1
70.5,11340.726575240911,3.0135429938925893,8.25988176518943,0.08,0.06428571428571428,2.0,0.04,1
70.75,11340.666364234716,3.0253220591146444,8.308313706162703,0.08,0.06428571428571428,2.0,0.04,1
71.0,11340.605918202093,3.0371468443589524,8.356934953541332,0.08,0.06428571428571428,2.0,0.04,1
71.25,11340.545236233316,3.0490175245654765,8.405746242111386,0.08,0.06428571428571428,2.0,0.04,1
71.5,11340.4843174152,3.0609342753237296,8.454748309470475,0.08,0.06428571428571428,2.0,0.04,1
71.75,11340.42316083108,3.072897272875032,8.503941896038178,0.08,0.06428571428571428,2.0,0.04,1
72.0,11340.361765560812,3.084906694114771,8.553327745066527,0.08,0.06428571428571428,2.0,0.04,1
72.25,11340.30013068075,3.09696271659467,8.602906602650515,0.08,0.06428571428571428,2.0,0.04,1
72.5,11340.23825526373,3.1090655185250613,8.652679217738644,0.08,0.06428571428571428,2.0,0.04,1
72.75,11340.176138379073,3.1212152787771696,8.702646342143511,0.08,0.06428571428571428,2.0,0.04,1
73.0,11340.113779092555,3.1334121768853986,8.752808730552431,0.08,0.06428571428571428,2.0,0.04,1
73.25,11340.051176466404,3.145656393049625,8.80316714053809,0.08,0.06428571428571428,2.0,0.04,1
73.5,11339.988329559284,3.1579481081375005,8.853722332569244,0.08,0.06428571428571428,2.0,0.04,1
73.75,11339.925237426283,3.1702875036867586,8.904475070021455,0.08,0.06428571428571428,2.0,0.04,1
74.0,11339.861899118896,3.182674761907529,8.95542611918785,0.08,0.06428571428571428,2.0,0.04,1
74.25,11339.798313685016,3.1951100656846587,9.006576249289935,0.08,0.06428571428571428,2.0,0.04,1
74.5,11339.734480168921,3.20759359858004,9.05792623248844,0.08,0.06428571428571428,2.0,0.04,1
74.75,11339.67039761126,3.2201255448349433,9.109476843894189,0.08,0.06428571428571428,2.0,0.04,1
75.0,11339.606065049038,3.232706089372359,9.161228861579037,0.08,0.06428571428571428,2.0,0.04,1
75.25,11339.541481515604,3.2453354177993456,9.213183066586806,0.08,0.06428571428571428,2.0,0.04,1
75.5,11339.476646040635,3.2580137164093816,9.265340242944296,0.08,0.06428571428571428,2.0,0.04,1
75.75,11339.411557650132,3.270741172184729,9.317701177672303,0.08,0.06428571428571428,2.0,0.04,1
76.0,11339.346215366393,3.283517972798798,9.3702666607967,0.08,0.06428571428571428,2.0,0.04,1
76.25,11339.280618208011,3.2963443066185247,9.423037485359538,0.08,0.06428571428571428,2.0,0.04,1
76.5,11339.214765189852,3.309220362706749,9.476014447430193,0.08,0.06428571428571428,2.0,0.04,1
76.75,11339.148655323048,3.3221463308246033,9.529198346116551,0.08,0.06428571428571428,2.0,0.04,1
77.0,11339.08228761498,3.3351224014339076,9.582589983576232,0.08,0.06428571428571428,2.0,0.04,1
77.25,11339.015661069263,3.3481487656995697,9.636190165027848,0.08,0.06428571428571428,2.0,0.04,1
77.5,11338.948774685736,3.3612256154919926,9.689999698762305,0.08,0.06428571428571428,2.0,0.04,1
77.75,11338.881627460447,3.3743531433894898,9.74401939615414,0.08,0.06428571428571428,2.0,0.04,1
78.0,11338.814218385636,3.387531542680706,9.7982500716729,0.08,0.06428571428571428,2.0,0.04,1
78.25,11338.746546449729,3.4007610073670467,9.852692542894554,0.08,0.06428571428571428,2.0,0.04,1
78.5,11338.678610637313,3.41404173216511,9.907347630512952,0.08,0.06428571428571428,2.0,0.04,1
78.75,11338.61040992913,3.4273739125091307,9.96221615835132,0.08,0.06428571428571428,2.0,0.04,1
79.0,11338.541943302063,3.440757744553427,10.017298953373787,0.08,0.06428571428571428,2.0,0.04,1
79.25,11338.473209729118,3.4541934251748567,10.072596845696967,0.08,0.06428571428571428,2.0,0.04,1
79.5,11338.404208179412,3.4676811519752775,10.128110668601563,0.08,0.06428571428571428,2.0,0.04,1
79.75,11338.334937618161,3.4812211232840173,10.183841258544023,0.08,0.06428571428571428,2.0,0.04,1
80.0,11338.26539700666,3.494813538160348,10.23978945516823,0.08,0.06428571428571428,2.0,0.04,1
80.25,11338.195585302276,3.5084585963959687,10.295956101317236,0.08,0.06428571428571428,2.0,0.04,1
80.5,11338.125501458426,3.522156498517494,10.352342043045029,0.08,0.06428571428571428,2.0,0.04,1
80.75,11338.05514442457,3.535907445788949,10.408948129628346,0.08,0.06428571428571428,2.0,0.04,1
81.0,11337.984513146195,3.5497116402142743,10.465775213578526,0.08,0.06428571428571428,2.0,0.04,1
81.25,11337.913606564794,3.5635692845398323,10.522824150653399,0.08,0.06428571428571428,2.0,0.04,1
81.5,11337.842423617862,3.577480582256925,10.580095799869218,0.08,0.06428571428571428,2.0,0.04,1
81.75,11337.77096323887,3.5914457376043165,10.637591023512632,0.08,0.06428571428571428,2.0,0.04,1
82.0,11337.699224357264,3.6054649555707625,10.695310687152702,0.08,0.06428571428571428,2.0,0.04,1
82.25,11337.627205898438,3.619538441897548,10.753255659652947,0.08,0.06428571428571428,2.0,0.04,1
82.5,11337.554906783724,3.6336664030810275,10.811426813183443,0.08,0.06428571428571428,2.0,0.04,1
82.75,11337.48232593038,3.64784904637518,10.86982502323296,0.08,0.06428571428571428,2.0,0.04,1
83.0,11337.409462251571,3.6620865797941615,10.928451168621132,0.08,0.06428571428571428,2.0,0.04,1
83.25,11337.33631465636,3.6763792121148713,10.987306131510682,0.08,0.06428571428571428,2.0,0.04,1
83.5,11337.262882049687,3.690727152879522,11.04639079741967,0.08,0.06428571428571428,2.0,0.04,1
83.75,11337.189163332354,3.705130612398216,11.105706055233806,0.08,0.06428571428571428,2.0,0.04,1
84.0,11337.115157401016,3.7195898017515323,11.165252797218777,0.08,0.06428571428571428,2.0,0.04,1
84.25,11337.04086314816,3.734104932793115,11.225031919032642,0.08,0.06428571428571428,2.0,0.04,1
84.5,11336.966279462096,3.748676218152273,11.285044319738246,0.08,0.06428571428571428,2.0,0.04,1
84.75,11336.891405226934,3.7633038712365834,11.345290901815693,0.08,0.06428571428571428,2.0,0.04,1
85.0,11336.816239322578,3.7779881062345053,11.405772571174852,0.08,0.06428571428571428,2.0,0.04,1
85.25,11336.740780624701,3.7927291381179957,11.466490237167907,0.08,0.06428571428571428,2.0,0.04,1
85.5,11336.66502800474,3.8075271826451367,11.527444812601946,0.08,0.06428571428571428,2.0,0.04,1
85.75,11336.588980329872,3.822382456362767,11.5886372137516,0.08,0.06428571428571428,2.0,0.04,1
86.0,11336.512636463005,3.837295176609121,11.650068360371716,0.08,0.06428571428571428,2.0,0.04,1
86.25,11336.43599526276,3.852265561516475,11.711739175710077,0.08,0.06428571428571428,2.0,0.04,1
86.5,11336.359055583453,3.8672938300138,11.773650586520164,0.08,0.06428571428571428,2.0,0.04,1
86.75,11336.281816275083,3.8823802018294202,11.835803523073958,0.08,0.06428571428571428,2.0,0.04,1
87.0,11336.204276183318,3.8975248974936805,11.898198919174789,0.08,0.06428571428571428,2.0,0.04,1
87.25,11336.126434149475,3.91272813834162,11.960837712170223,0.08,0.06428571428571428,2.0,0.04,1
87.5,11336.048289010507,3.927990146515651,12.023720842964998,0.08,0.06428571428571428,2.0,0.04,1
87.75,11335.969839598985,3.943311144968247,12.086849256034,0.08,0.06428571428571428,2.0,0.04,1
88.0,11335.891084743087,3.9586913574646365,12.150223899435275,0.08,0.06428571428571428,2.0,0.04,1
88.25,11335.812023266579,3.974131008585503,12.2138457248231,0.08,0.06428571428571428,2.0,0.04,1
88.5,11335.732653988796,3.9896303237296924,12.277715687461082,0.08,0.06428571428571428,2.0,0.04,1
88.75,11335.652975724635,4.005189529116929,12.34183474623531,0.08,0.06428571428571428,2.0,0.04,1
89.0,11335.57298728453,4.020808851790534,12.406203863667546,0.08,0.06428571428571428,2.0,0.04,1
89.25,11335.49268747444,4.036488519620156,12.470824005928465,0.08,0.06428571428571428,2.0,0.04,1
89.5,11335.412075095834,4.052228761304505,12.535696142850933,0.08,0.06428571428571428,2.0,0.04,1
89.75,11335.331148945672,4.068029806374095,12.600821247943326,0.08,0.06428571428571428,2.0,0.04,1
90.0,11335.249907816393,4.083891885193989,12.66620029840291,0.08,0.06428571428571428,2.0,0.04,1
90.25,11335.168350495895,4.09981522896656,12.731834275129241,0.08,0.06428571428571428,2.0,0.04,1
90.5,11335.086475767519,4.115800069734249,12.797724162737632,0.08,0.06428571428571428,2.0,0.04,1
90.75,11335.004282410036,4.131846640382334,12.863870949572647,0.08,0.06428571428571428,2.0,0.04,1
91.0,11334.921769197628,4.1479551746417105,12.930275627721649,0.08,0.06428571428571428,2.0,0.04,1
91.25,11334.838934899872,4.164125907091668,12.99693919302839,0.08,0.06428571428571428,2.0,0.04,1
91.5,11334.755778281722,4.180359073162683,13.06386264510665,0.08,0.06428571428571428,2.0,0.04,1
91.75,11334.672298103498,4.196654909139216,13.131046987353907,0.08,0.06428571428571428,2.0,0.04,1
92.0,11334.588493120864,4.213013652162512,13.198493226965073,0.08,0.06428571428571428,2.0,0.04,1
92.25,11334.504362084812,4.229435540233411,13.266202374946257,0.08,0.06428571428571428,2.0,0.04,1
92.5,11334.419903741647,4.24592081221517,13.33417544612858,0.08,0.06428571428571428,2.0,0.04,1
92.75,11334.335116832974,4.262469707836275,13.402413459182037,0.08,0.06428571428571428,2.0,0.04,1
93.0,11334.25000009567,4.279082467693286,13.470917436629406,0.08,0.06428571428571428,2.0,0.04,1
93.25,11334.164552261878,4.29575933325366,13.539688404860192,0.08,0.06428571428571428,2.0,0.04,1
93.5,11334.078772058989,4.3125005468586055,13.608727394144625,0.08,0.06428571428571428,2.0,0.04,1
93.75,11333.992658209618,4.329306351725927,13.67803543864771,0.08,0.06428571428571428,2.0,0.04,1
94.0,11333.906209431596,4.346176991952887,13.747613576443305,0.08,0.06428571428571428,2.0,0.04,1
94.25,11333.819424437945,4.363112712519063,13.817462849528262,0.08,0.06428571428571428,2.0,0.04,1
94.5,11333.732301936867,4.3801137592892285,13.887584303836604,0.08,0.06428571428571428,2.0,0.04,1
94.75,11333.644840631723,4.397180379016222,13.957978989253753,0.08,0.06428571428571428,2.0,0.04,1
95.0,11333.55703922102,4.4143128193438335,14.0286479596308,0.08,0.06428571428571428,2.0,0.04,1
95.25,11333.468896398386,4.431511328809701,14.099592272798825,0.08,0.06428571428571428,2.0,0.04,1
95.5,11333.380410852564,4.448776156848201,14.170812990583267,0.08,0.06428571428571428,2.0,0.04,1
95.75,11333.291581267384,4.466107553793358,14.242311178818326,0.08,0.06428571428571428,2.0,0.04,1
96.0,11333.202406321752,4.483505770881753,14.314087907361435,0.08,0.06428571428571428,2.0,0.04,1
96.25,11333.112884689632,4.500971060255444,14.386144250107748,0.08,0.06428571428571428,2.0,0.04,1
96.5,11333.023015040026,4.5185036749648875,14.45848128500471,0.08,0.06428571428571428,2.0,0.04,1
96.75,11332.932796036957,4.536103868971874,14.531100094066646,0.08,0.06428571428571428,2.0,0.04,1
97.0,11332.842226339453,4.553771897152462,14.604001763389409,0.08,0.06428571428571428,2.0,0.04,1
97.25,11332.75130460153,4.5715080152999255,14.677187383165073,0.08,0.06428571428571428,2.0,0.04,1
97.5,11332.66002947217,4.589312480127704,14.750658047696678,0.08,0.06428571428571428,2.0,0.04,1
97.75,11332.56839959531,4.607185549272362,14.824414855413016,0.08,0.06428571428571428,2.0,0.04,1
98.0,11332.476413609815,4.625127481296551,14.898458908883464,0.08,0.06428571428571428,2.0,0.04,1
98.25,11332.38407014947,4.643138535691983,14.972791314832874,0.08,0.06428571428571428,2.0,0.04,1
98.5,11332.291367842956,4.661218972882408,15.047413184156495,0.08,0.06428571428571428,2.0,0.04,1
98.75,11332.198305313834,4.6793690542265995,15.122325631934963,0.08,0.06428571428571428,2.0,0.04,1
99.0,11332.104881180525,4.697589042021343,15.197529777449319,0.08,0.06428571428571428,2.0,0.04,1
99.25,11332.011094056295,4.715879199504434,15.27302674419609,0.08,0.06428571428571428,2.0,0.04,1
99.5,11331.916942549236,4.734239790857686,15.34881765990241,0.08,0.06428571428571428,2.0,0.04,1
99.75,11331.822425262246,4.752671081209936,15.424903656541195,0.08,0.06428571428571428,2.0,0.04,1
100.0,11331.72754079301,4.771173336640065,15.501285870346354,0.08,0.06428571428571428,2.0,0.04,1
100.25,11331.632287733988,4.789746824180023,15.57796544182807,0.08,0.06428571428571428,2.0,0.04,1
100.5,11331.53666467239,4.808391811817854,15.654943515788107,0.08,0.06428571428571428,2.0,0.04,1
100.75,11331.44067019016,4.82710856850074,15.732221241335179,0.08,0.06428571428571428,2.0,0.04,1
101.0,11331.344302863958,4.845897364138038,15.80979977190037,0.08,0.06428571428571428,2.0,0.04,1
101.25,11331.24756126514,4.864758469604334,15.887680265252587,0.08,0.06428571428571428,2.0,0.04,1
101.5,11331.15044395974,4.883692156742498,15.965863883514086,0.08,0.06428571428571428,2.0,0.04,1
101.75,11331.052949508454,4.902698698366745,16.04435179317602,0.08,0.06428571428571428,2.0,0.04,1
102.0,11330.955076466616,4.921778368265706,16.123145165114057,0.08,0.06428571428571428,2.0,0.04,1
102.25,11330.856823384187,4.940931441205502,16.20224517460404,0.08,0.06428571428571428,2.0,0.04,1
102.5,11330.758188805727,4.9601581929328304,16.281653001337702,0.08,0.06428571428571428,2.0,0.04,1
102.75,11330.659171270381,4.979458900178047,16.36136982943841,0.08,0.06428571428571428,2.0,0.04,1
103.0,11330.559769311862,4.998833840658263,16.441396847476984,0.08,0.06428571428571428,2.0,0.04,1
103.25,11330.459981458429,5.018283293080449,16.521735248487563,0.08,0.06428571428571428,2.0,0.04,1
103.5,11330.35980623287,5.037807537144537,16.602386229983498,0.08,0.06428571428571428,2.0,0.04,1
103.75,11330.259242152477,5.057406853546538,16.68335099397332,0.08,0.06428571428571428,2.0,0.04,1
104.0,11330.158287729038,5.077081523981661,16.764630746976746,0.08,0.06428571428571428,2.0,0.04,1
104.25,11330.056941468809,5.09683183114744,16.846226700040738,0.08,0.06428571428571428,2.0,0.04,1
104.5,11329.955201872495,5.116658058746861,16.928140068755607,0.08,0.06428571428571428,2.0,0.04,1
104.75,11329.853067435235,5.136560491491508,17.01037207327118,0.08,0.06428571428571428,2.0,0.04,1
105.0,11329.75053664658,5.156539415104705,17.09292393831301,0.08,0.06428571428571428,2.0,0.04,1
105.25,11329.647607990473,5.1765951163246635,17.175796893198623,0.08,0.06428571428571428,2.0,0.04,1
105.5,11329.544279945236,5.196727882907647,17.25899217185384,0.08,0.06428571428571428,2.0,0.04,1
105.75,11329.440550983538,5.216938003631126,17.342511012829142,0.08,0.06428571428571428,2.0,0.04,1
106.0,11329.336419572384,5.237225768296955,17.426354659316072,0.08,0.06428571428571428,2.0,0.04,1
106.25,11329.2318841731,5.257591467734543,17.5105243591637,0.08,0.06428571428571428,2.0,0.04,1
106.5,11329.1269432413,5.278035393804037,17.595021364895146,0.08,0.06428571428571428,2.0,0.04,1
106.75,11329.021595226875,5.29855783939951,17.67984693372414,0.08,0.06428571428571428,2.0,0.04,1
107.0,11328.915838573976,5.319159098452151,17.765002327571633,0.08,0.06428571428571428,2.0,0.04,1
107.25,11328.809671720983,5.339839465933472,17.85048881308247,0.08,0.06428571428571428,2.0,0.04,1
107.5,11328.703093100497,5.360599237858507,17.936307661642115,0.08,0.06428571428571428,2.0,0.04,1
107.75,11328.596101139316,5.381438711289027,18.022460149393414,0.08,0.06428571428571428,2.0,0.04,1
108.0,11328.488694258407,5.402358184336757,18.108947557253416,0.08,0.06428571428571428,2.0,0.04,1
108.25,11328.380870872901,5.423357956166599,18.195771170930257,0.08,0.06428571428571428,2.0,0.04,1
108.5,11328.272629392059,5.444438326999863,18.282932280940077,0.08,0.06428571428571428,2.0,0.04,1
108.75,11328.163968219256,5.465599598117497,18.370432182624004,0.08,0.06428571428571428,2.0,0.04,1
109.0,11328.05488575197,5.486842071863335,18.458272176165178,0.08,0.06428571428571428,2.0,0.04,1
109.25,11327.945380381745,5.508166051647342,18.546453566605837,0.08,0.06428571428571428,2.0,0.04,1
109.5,11327.835450494185,5.5295718419488615,18.634977663864454,0.08,0.06428571428571428,2.0,0.04,1
109.75,11327.725094468926,5.551059748319881,18.723845782752917,0.08,0.06428571428571428,2.0,0.04,1
110.0,11327.614310679617,5.572630077388292,18.813059242993774,0.08,0.06428571428571428,2.0,0.04,1
110.25,11327.5030974939,5.594283136861161,18.902619369237513,0.08,0.06428571428571428,2.0,0.04,1
110.5,11327.39145327339,5.616019235528004,18.992527491079926,0.08,0.06428571428571428,2.0,0.04,1
110.75,11327.279376373655,5.637838683264069,19.082784943079485,0.08,0.06428571428571428,2.0,0.04,1
111.0,11327.16686514419,5.65974179103362,19.1733930647748,0.08,0.06428571428571428,2.0,0.04,1
111.25,11327.053917928404,5.681728870893235,19.264353200702125,0.08,0.06428571428571428,2.0,0.04,1
111.5,11326.940533063591,5.7038002359950974,19.355666700412907,0.08,0.06428571428571428,2.0,0.04,1
111.75,11326.826708880917,5.725956200590302,19.4473349184914,0.08,0.06428571428571428,2.0,0.04,1
112.0,11326.712443705394,5.748197080032163,19.539359214572315,0.08,0.06428571428571428,2.0,0.04,1
112.25,11326.59773585586,5.7705231907795325,19.631740953358545,0.08,0.06428571428571428,2.0,0.04,1
112.5,11326.482583644958,5.792934850400111,19.72448150463893,0.08,0.06428571428571428,2.0,0.04,1
112.75,11326.366985379118,5.8154323775737815,19.817582243306074,0.08,0.06428571428571428,2.0,0.04,1
113.0,11326.250939358528,5.838016092095935,19.911044549374225,0.08,0.06428571428571428,2.0,0.04,1
113.25,11326.13444387712,5.860686314880808,20.004869807997196,0.08,0.06428571428571428,2.0,0.04,1
113.5,11326.017497222547,5.883443367964821,20.09905940948635,0.08,0.06428571428571428,2.0,0.04,1
113.75,11325.90009767616,5.906287574509928,20.193614749328642,0.08,0.06428571428571428,2.0,0.04,1
114.0,11325.782243512987,5.929219258806965,20.288537228204696,0.08,0.06428571428571428,2.0,0.04,1
114.25,11325.663933001713,5.952238746279008,20.38382825200695,0.08,0.06428571428571428,2.0,0.04,1
114.5,11325.545164404657,5.975346363484733,20.479489231857862,0.08,0.06428571428571428,2.0,0.04,1
114.75,11325.42593597775,5.998542438121785,20.57552158412815,0.08,0.06428571428571428,2.0,0.04,1
115.0,11325.306245970514,6.021827299030147,20.67192673045511,0.08,0.06428571428571428,2.0,0.04,1
115.25,11325.186092626043,6.045201276195521,20.76870609776095,0.08,0.06428571428571428,2.0,0.04,1
115.5,11325.065474180976,6.068664700752704,20.865861118271237,0.08,0.06428571428571428,2.0,0.04,1
115.75,11324.944388865477,6.092217904988978,20.963393229533335,0.08,0.06428571428571428,2.0,0.04,1
116.0,11324.822834903216,6.115861222347501,21.061303874434945,0.08,0.06428571428571428,2.0,0.04,1
116.25,11324.700810511345,6.139594987430704,21.15959450122267,0.08,0.06428571428571428,2.0,0.04,1
116.5,11324.578313900474,6.16341953600369,21.258266563520664,0.08,0.06428571428571428,2.0,0.04,1
116.75,11324.455343274652,6.187335204997641,21.357321520349295,0.08,0.06428571428571428,2.0,0.04,1
117.0,11324.331896831342,6.211342332513231,21.4567608361439,0.08,0.06428571428571428,2.0,0.04,1
117.25,11324.207972761402,6.2354412578240375,21.556585980773576,0.08,0.06428571428571428,2.0,0.04,1
117.5,11324.08356924906,6.2596323213799625,21.656798429560034,0.08,0.06428571428571428,2.0,0.04,1
117.75,11323.958684471892,6.283915864810657,21.757399663296496,0.08,0.06428571428571428,2.0,0.04,1
118.0,11323.833316600803,6.308292230928952,21.858391168266667,0.08,0.06428571428571428,2.0,0.04,1
118.25,11323.707463800001,6.332761763734289,21.95977443626374,0.08,0.06428571428571428,2.0,0.04,1
118.5,11323.581124226974,6.357324808416158,22.06155096460947,0.08,0.06428571428571428,2.0,0.04,1
118.75,11323.454296032469,6.381981711357544,22.1637222561733,0.08,0.06428571428571428,2.0,0.04,1
119.0,11323.32697736047,6.406732820138368,22.26628981939155,0.08,0.06428571428571428,2.0,0.04,1
119.25,11323.199166348175,6.431578483538941,22.369255168286628,0.08,0.06428571428571428,2.0,0.04,1
119.5,11323.07086112597,6.456519051543421,22.47261982248636,0.08,0.06428571428571428,2.0,0.04,1
119.75,11322.942059817415,6.481554875343267,22.57638530724331,0.08,0.06428571428571428,2.0,0.04,1
120.0,11322.812760539206,6.506686307340707,22.680553153454184,0.08,0.06428571428571428,2.0,0.04,1
