t,S,I,R,scale_contact,scale_infection_prob,scale_delta,beta,delta,contact_rate,infection_prob,I0,N
0.0,11252.0,100.0,0.0,1.0,0.9,1.05,0.37349999999999994,0.13125,10.0,0.037349999999999994,100.0,11352.0
0.25,11242.74475422833,105.97399577167019,3.28125,1.0,0.9,1.05,0.37349999999999994,0.13125,10.0,0.037349999999999994,100.0,11352.0
0.5,11232.944668086793,112.29681017694878,6.758521736257928,1.0,0.9,1.05,0.37349999999999994,0.13125,10.0,0.037349999999999994,100.0,11352.0
0.75,11222.56892350682,118.98781567299113,10.44326082018906,1.0,0.9,1.05,0.37349999999999994,0.13125,10.0,0.037349999999999994,100.0,11352.0
1.0,11211.585113661105,126.0673378169356,14.347548521959082,1.0,0.9,1.05,0.37349999999999994,0.13125,10.0,0.037349999999999994,100.0,11352.0
1.25,11199.959180214064,133.55668674185833,18.484133044077282,1.0,0.9,1.05,0.37349999999999994,0.13125,10.0,0.037349999999999994,100.0,11352.0
1.5,11187.65535058607,141.47818758613425,22.86646182779451,1.0,0.9,1.05,0.37349999999999994,0.13125,10.0,0.037349999999999994,100.0,11352.0
1.75,11174.636075632896,149.85520950913775,27.50871485796454,1.0,0.9,1.05,0.37349999999999994,0.13125,10.0,0.037349999999999994,100.0,11352.0
2.0,11160.861968202093,158.7121928779226,32.42583891998312,1.0,0.9,1.05,0.37349999999999994,0.13125,10.0,0.037349999999999994,100.0,11352.0
2.25,11146.291743094142,168.0746741570673,37.633582748789955,1.0,0.9,1.05,0.37349999999999994,0.13125,10.0,0.037349999999999994,100.0,11352.0
2.5,11130.882159028264,177.96930797716655,43.148532994568725,1.0,0.9,1.05,0.37349999999999994,0.13125,10.0,0.037349999999999994,100.0,11352.0
2.75,11114.58796329097,188.42388579646078,48.9881509125695,1.0,0.9,1.05,0.37349999999999994,0.13125,10.0,0.037349999999999994,100.0,11352.0
3.0,11097.36183982987,199.4673505048636,55.17080966526587,1.0,0.9,1.05,0.37349999999999994,0.13125,10.0,0.037349999999999994,100.0,11352.0
3.25,11079.154361645991,211.12980625030144,61.71583210370671,1.0,0.9,1.05,0.37349999999999994,0.13125,10.0,0.037349999999999994,100.0,11352.0
3.5,11059.913948434638,223.4425226940666,68.64352887129472,1.0,0.9,1.05,0.37349999999999994,0.13125,10.0,0.037349999999999994,100.0,11352.0
3.75,11039.586830527629,236.43793282517618,75.97523664719378,1.0,0.9,1.05,0.37349999999999994,0.13125,10.0,0.037349999999999994,100.0,11352.0
4.0,11018.11702029791,250.14962338406875,83.73335631801987,1.0,0.9,1.05,0.37349999999999994,0.13125,10.0,0.037349999999999994,100.0,11352.0
4.25,10995.44629230061,264.6123168640785,91.94139083530963,1.0,0.9,1.05,0.37349999999999994,0.13125,10.0,0.037349999999999994,100.0,11352.0
4.5,10971.514173541635,279.8618439759509,100.6239824824122,1.0,0.9,1.05,0.37349999999999994,0.13125,10.0,0.037349999999999994,100.0,11352.0
4.75,10946.257945384721,295.93510537740383,109.80694923787308,1.0,0.9,1.05,0.37349999999999994,0.13125,10.0,0.037349999999999994,100.0,11352.0
5.0,10919.612658729055,312.8700213878751,119.51731988306915,1.0,0.9,1.05,0.37349999999999994,0.13125,10.0,0.037349999999999994,100.0,11352.0
5.25,10891.511164210197,330.7054683299439,129.7833674598588,1.0,0.9,1.05,0.37349999999999994,0.13125,10.0,0.037349999999999994,100.0,11352.0
5.5,10861.884159294934,349.48120006563107,140.63464063943508,1.0,0.9,1.05,0.37349999999999994,0.13125,10.0,0.037349999999999994,100.0,11352.0
5.75,10830.660254252978,369.23775323043384,152.1019925165886,1.0,0.9,1.05,0.37349999999999994,0.13125,10.0,0.037349999999999994,100.0,11352.0
6.0,10797.766059092026,390.0163346135126,164.21760629446223,1.0,0.9,1.05,0.37349999999999994,0.13125,10.0,0.037349999999999994,100.0,11352.0
6.25,10763.126293633684,411.85868909234887,177.0150172739681,1.0,0.9,1.05,0.37349999999999994,0.13125,10.0,0.037349999999999994,100.0,11352.0
6.5,10726.663922981861,434.80694650832993,190.5291305098108,1.0,0.9,1.05,0.37349999999999994,0.13125,10.0,0.037349999999999994,100.0,11352.0
6.75,10688.300320687444,458.9034458704436,204.79623344211538,1.0,0.9,1.05,0.37349999999999994,0.13125,10.0,0.037349999999999994,100.0,11352.0
7.0,10647.955461937849,484.1905353024149,219.8540027597393,1.0,0.9,1.05,0.37349999999999994,0.13125,10.0,0.037349999999999994,100.0,11352.0
7.25,10605.548149091224,510.7103462094283,235.7415046993498,1.0,0.9,1.05,0.37349999999999994,0.13125,10.0,0.037349999999999994,100.0,11352.0
7.5,10560.996271825969,538.5045402396871,252.49918793434668,1.0,0.9,1.05,0.37349999999999994,0.13125,10.0,0.037349999999999994,100.0,11352.0
7.75,10514.217104079657,567.6140277593838,270.16886816096144,1.0,0.9,1.05,0.37349999999999994,0.13125,10.0,0.037349999999999994,100.0,11352.0
8.0,10465.127639799905,598.0786567532804,288.7937034468162,1.0,0.9,1.05,0.37349999999999994,0.13125,10.0,0.037349999999999994,100.0,11352.0
8.25,10413.644969315324,629.936871313144,308.4181593715332,1.0,0.9,1.05,0.37349999999999994,0.13125,10.0,0.037349999999999994,100.0,11352.0
8.5,10359.68669784984,663.2253391886662,329.08796296149575,1.0,0.9,1.05,0.37349999999999994,0.13125,10.0,0.037349999999999994,100.0,11352.0
8.75,10303.171407340677,697.9785482557008,350.8500444036239,1.0,0.9,1.05,0.37349999999999994,0.13125,10.0,0.037349999999999994,100.0,11352.0
9.0,10244.019162272296,734.2283722094406,373.75246551826405,1.0,0.9,1.05,0.37349999999999994,0.13125,10.0,0.037349999999999994,100.0,11352.0
9.25,10182.152059699458,772.0036063191573,397.84433398138634,1.0,0.9,1.05,0.37349999999999994,0.13125,10.0,0.037349999999999994,100.0,11352.0
9.5,10117.494822997742,811.3294746885252,423.17570231373367,1.0,0.9,1.05,0.37349999999999994,0.13125,10.0,0.037349999999999994,100.0,11352.0
9.75,10049.9754381465,852.2271111515485,449.7974507019509,1.0,0.9,1.05,0.37349999999999994,0.13125,10.0,0.037349999999999994,100.0,11352.0
10.0,9979.525830516872,894.7130166965165,477.7611527866111,1.0,0.9,1.05,0.37349999999999994,0.13125,10.0,0.037349999999999994,100.0,11352.0
10.25,9906.08257920891,938.7984971441238,507.1189236469655,1.0,0.9,1.05,0.37349999999999994,0.13125,10.0,0.037349999999999994,100.0,11352.0
10.5,9829.587664963114,984.4890857023796,537.9232493345071,1.0,0.9,1.05,0.37349999999999994,0.13125,10.0,0.037349999999999994,100.0,11352.0
10.75,9749.98924657303,1031.7839559678541,570.2267974591164,1.0,0.9,1.05,0.37349999999999994,0.13125,10.0,0.037349999999999994,100.0,11352.0
11.0,9667.242459562169,1080.675331923521,604.0822085143116,1.0,0.9,1.05,0.37349999999999994,0.13125,10.0,0.037349999999999994,100.0,11352.0
11.25,9581.31022968012,1131.1479024768284,639.541867843052,1.0,0.9,1.05,0.37349999999999994,0.13125,10.0,0.037349999999999994,100.0,11352.0
11.5,9492.164092545101,1183.1782490618277,676.657658393073,1.0,0.9,1.05,0.37349999999999994,0.13125,10.0,0.037349999999999994,100.0,11352.0
11.75,9399.785009543799,1236.7342957657893,715.4806946904142,1.0,0.9,1.05,0.37349999999999994,0.13125,10.0,0.037349999999999994,100.0,11352.0
12.0,9304.164168930762,1291.7747922990116,756.0610387702292,1.0,0.9,1.05,0.37349999999999994,0.13125,10.0,0.037349999999999994,100.0,11352.0
12.25,9205.303759989421,1348.2488408680413,798.4473991425405,1.0,0.9,1.05,0.37349999999999994,0.13125,10.0,0.037349999999999994,100.0,11352.0
12.5,9103.217707170423,1406.095478596058,842.686814233523,1.0,0.9,1.05,0.37349999999999994,0.13125,10.0,0.037349999999999994,100.0,11352.0
12.75,8997.93235035808,1465.2433275169678,888.8243221249562,1.0,0.9,1.05,0.37349999999999994,0.13125,10.0,0.037349999999999994,100.0,11352.0
13.0,8889.487056881766,1525.610324309132,936.9026188091067,1.0,0.9,1.05,0.37349999999999994,0.13125,10.0,0.037349999999999994,100.0,11352.0
13.25,8777.93475063454,1587.1035417899643,986.9617075755001,1.0,0.9,1.05,0.37349999999999994,0.13125,10.0,0.037349999999999994,100.0,11352.0
13.5,8663.342343732089,1649.6191137274318,1039.0385425404834,1.0,0.9,1.05,0.37349999999999994,0.13125,10.0,0.037349999999999994,100.0,11352.0
13.75,8545.791056581349,1713.0422737089898,1093.1666697096648,1.0,0.9,1.05,0.37349999999999994,0.13125,10.0,0.037349999999999994,100.0,11352.0
14.0,8425.376613062263,1777.2475176220007,1149.375869315741,1.0,0.9,1.05,0.37349999999999994,0.13125,10.0,0.037349999999999994,100.0,11352.0
14.25,8302.209298779155,1842.0988977331367,1207.691803487713,1.0,0.9,1.05,0.37349999999999994,0.13125,10.0,0.037349999999999994,100.0,11352.0
14.5,8176.413872018132,1907.4504544122913,1268.1356735695815,1.0,0.9,1.05,0.37349999999999994,0.13125,10.0,0.037349999999999994,100.0,11352.0
14.75,8048.129319145664,1973.1467892493556,1330.7238916049848,1.0,0.9,1.05,0.37349999999999994,0.13125,10.0,0.037349999999999994,100.0,11352.0
15.0,7917.508448675975,2039.0237806968003,1395.4677706272294,1.0,0.9,1.05,0.37349999999999994,0.13125,10.0,0.037349999999999994,100.0,11352.0
15.25,7784.7173210772435,2104.9094404914185,1462.373238431343,1.0,0.9,1.05,0.37349999999999994,0.13125,10.0,0.037349999999999994,100.0,11352.0
15.5,7649.9345145169755,2170.624906035562,1531.4405794474676,1.0,0.9,1.05,0.37349999999999994,0.13125,10.0,0.037349999999999994,100.0,11352.0
15.75,7513.35023008578,2235.9855607374657,1602.6642091767594,1.0,0.9,1.05,0.37349999999999994,0.13125,10.0,0.037349999999999994,100.0,11352.0
16.0,7375.165243491515,2300.802271120033,1676.0324853884574,1.0,0.9,1.05,0.37349999999999994,0.13125,10.0,0.037349999999999994,100.0,11352.0
16.25,7235.589713675659,2364.8827264147626,1751.5275599095835,1.0,0.9,1.05,0.37349999999999994,0.13125,10.0,0.037349999999999994,100.0,11352.0
16.5,7094.841862156279,2428.0328634736584,1829.125274370068,1.0,0.9,1.05,0.37349999999999994,0.13125,10.0,0.037349999999999994,100.0,11352.0
16.75,6953.146540029774,2490.058357267434,1908.7951027027973,1.0,0.9,1.05,0.37349999999999994,0.13125,10.0,0.037349999999999994,100.0,11352.0
17.0,6810.733702352209,2550.766155097162,1990.500142550635,1.0,0.9,1.05,0.37349999999999994,0.13125,10.0,0.037349999999999994,100.0,11352.0
17.25,6667.836811964538,2609.966031020707,2074.1971570147607,1.0,0.9,1.05,0.37349999999999994,0.13125,10.0,0.037349999999999994,100.0,11352.0
17.5,6524.691196632727,2667.4721359596515,2159.836667407628,1.0,0.9,1.05,0.37349999999999994,0.13125,10.0,0.037349999999999994,100.0,11352.0
17.75,6381.5323845711855,2723.1045185600174,2247.363096868804,1.0,0.9,1.05,0.37349999999999994,0.13125,10.0,0.037349999999999994,100.0,11352.0
18.0,6238.594443957121,2776.6905921588314,2336.7149638840547,1.0,0.9,1.05,0.37349999999999994,0.13125,10.0,0.037349999999999994,100.0,11352.0
18.25,6096.108351901536,2828.0665241592055,2427.825123939266,1.0,0.9,1.05,0.37349999999999994,0.13125,10.0,0.037349999999999994,100.0,11352.0
18.5,5954.300417524641,2877.0785257121265,2520.62105676324,1.0,0.9,1.05,0.37349999999999994,0.13125,10.0,0.037349999999999994,100.0,11352.0
18.75,5813.390782321885,2923.584021789953,2615.0251958881695,1.0,0.9,1.05,0.37349999999999994,0.13125,10.0,0.037349999999999994,100.0,11352.0
19.0,5673.592018959679,2967.4526844371762,2710.9552966031524,1.0,0.9,1.05,0.37349999999999994,0.13125,10.0,0.037349999999999994,100.0,11352.0
19.25,5535.107847088024,3008.567315100737,2808.324837811247,1.0,0.9,1.05,0.37349999999999994,0.13125,10.0,0.037349999999999994,100.0,11352.0
19.5,5398.131981799231,3046.8245653627873,2907.04345283799,1.0,0.9,1.05,0.37349999999999994,0.13125,10.0,0.037349999999999994,100.0,11352.0
19.75,5262.847127109257,3082.1354890017947,3007.0173838889564,1.0,0.9,1.05,0.37349999999999994,0.13125,10.0,0.037349999999999994,100.0,11352.0
20.0,5129.424123409138,3114.425921969042,3108.149954621828,1.0,0.9,1.05,0.37349999999999994,0.13125,10.0,0.037349999999999994,100.0,11352.0
20.25,4998.021254347795,3143.6366904657757,3210.342055186437,1.0,0.9,1.05,0.37349999999999994,0.13125,10.0,0.037349999999999994,100.0,11352.0
20.5,4868.783715178629,3169.723650729033,3313.4926340923453,1.0,0.9,1.05,0.37349999999999994,0.13125,10.0,0.037349999999999994,100.0,11352.0
20.75,4741.8432413354985,3192.6575672826166,3417.4991913818917,1.0,0.9,1.05,0.37349999999999994,0.13125,10.0,0.037349999999999994,100.0,11352.0
21.0,4617.317892989763,3212.4238392018915,3522.2582678083527,1.0,0.9,1.05,0.37349999999999994,0.13125,10.0,0.037349999999999994,100.0,11352.0
21.25,4495.311988653055,3229.0220863147874,3627.6659250321645,1.0,0.9,1.05,0.37349999999999994,0.13125,10.0,0.037349999999999994,100.0,11352.0
21.5,4375.916178585571,3242.4656091750667,3733.6182122393684,1.0,0.9,1.05,0.37349999999999994,0.13125,10.0,0.037349999999999994,100.0,11352.0
21.75,4259.207646882795,3252.7807380767854,3840.011615040425,1.0,0.9,1.05,0.37349999999999994,0.13125,10.0,0.037349999999999994,100.0,11352.0
22.0,4145.250429661628,3260.006087329808,3946.7434830085695,1.0,0.9,1.05,0.37349999999999994,0.13125,10.0,0.037349999999999994,100.0,11352.0
22.25,4034.0958357492123,3264.1917315017145,4053.7124327490787,1.0,0.9,1.05,0.37349999999999994,0.13125,10.0,0.037349999999999994,100.0,11352.0
22.5,3925.782955678078,3265.398320382949,4160.818723938979,1.0,0.9,1.05,0.37349999999999994,0.13125,10.0,0.037349999999999994,100.0,11352.0
22.75,3820.3392445805243,3263.696149092937,4267.9646063265445,1.0,0.9,1.05,0.37349999999999994,0.13125,10.0,0.037349999999999994,100.0,11352.0
23.0,3717.7811647142867,3259.164199067063,4375.054636218657,1.0,0.9,1.05,0.37349999999999994,0.13125,10.0,0.037349999999999994,100.0,11352.0
23.25,3618.114873794339,3251.8891647051228,4481.995961500545,1.0,0.9,1.05,0.37349999999999994,0.13125,10.0,0.037349999999999994,100.0,11352.0
23.5,3521.3369460018966,3241.964479280678,4588.698574717431,1.0,0.9,1.05,0.37349999999999994,0.13125,10.0,0.037349999999999994,100.0,11352.0
23.75,3427.4351134394396,3229.489352366738,4695.075534193828,1.0,0.9,1.05,0.37349999999999994,0.13125,10.0,0.037349999999999994,100.0,11352.0
24.0,3336.389016848849,3214.5678295827947,4801.043153568362,1.0,0.9,1.05,0.37349999999999994,0.13125,10.0,0.037349999999999994,100.0,11352.0
24.25,3248.170955560088,3197.307883963371,4906.521160476547,1.0,0.9,1.05,0.37349999999999994,0.13125,10.0,0.037349999999999994,100.0,11352.0
24.5,3162.7466278459096,3177.820546735001,5011.432825419095,1.0,0.9,1.05,0.37349999999999994,0.13125,10.0,0.037349999999999994,100.0,11352.0
24.75,3080.075854084569,3156.2190838065994,5115.705062108837,1.0,0.9,1.05,0.37349999999999994,0.13125,10.0,0.037349999999999994,100.0,11352.0
25.0,3000.1132763438127,3132.618222859952,5219.268500796242,1.0,0.9,1.05,0.37349999999999994,0.13125,10.0,0.037349999999999994,100.0,11352.0
25.25,2922.809029167889,3107.133434598283,5322.057536233834,1.0,0.9,1.05,0.37349999999999994,0.13125,10.0,0.037349999999999994,100.0,11352.0
25.5,2848.109377453075,3079.880270490341,5424.01035205659,1.0,0.9,1.05,0.37349999999999994,0.13125,10.0,0.037349999999999994,100.0,11352.0
25.75,2775.9573183200728,3050.9737582478792,5525.068923432054,1.0,0.9,1.05,0.37349999999999994,0.13125,10.0,0.037349999999999994,100.0,11352.0
26.0,2706.293144822436,3020.5278553030075,5625.178999874563,1.0,0.9,1.05,0.37349999999999994,0.13125,10.0,0.037349999999999994,100.0,11352.0
26.25,2639.054970162374,2988.6549597109392,5724.290070126693,1.0,0.9,1.05,0.37349999999999994,0.13125,10.0,0.037349999999999994,100.0,11352.0
26.5,2574.179211816184,2955.4654771916144,5822.355310992208,1.0,0.9,1.05,0.37349999999999994,0.13125,10.0,0.037349999999999994,100.0,11352.0
26.75,2511.6010356017237,2921.0674424357244,5919.331521962557,1.0,0.9,1.05,0.37349999999999994,0.13125,10.0,0.037349999999999994,100.0,11352.0
27.0,2451.254760252968,2885.566192329558,6015.1790474174795,1.0,0.9,1.05,0.37349999999999994,0.13125,10.0,0.037349999999999994,100.0,11352.0
27.25,2393.074223506858,2849.064088389854,6109.861688103293,1.0,0.9,1.05,0.37349999999999994,0.13125,10.0,0.037349999999999994,100.0,11352.0
27.5,2336.993111062019,2811.660285434401,6203.346603503585,1.0,0.9,1.05,0.37349999999999994,0.13125,10.0,0.037349999999999994,100.0,11352.0
27.75,2282.94525004494,2773.4505433356635,6295.604206619401,1.0,0.9,1.05,0.37349999999999994,0.13125,10.0,0.037349999999999994,100.0,11352.0
28.0,2230.8648688249505,2734.527078602452,6386.608052572603,1.0,0.9,1.05,0.37349999999999994,0.13125,10.0,0.037349999999999994,100.0,11352.0
28.25,2180.6868251630294,2694.9784524977304,6476.334722339246,1.0,0.9,1.05,0.37349999999999994,0.13125,10.0,0.037349999999999994,100.0,11352.0
28.5,2132.346804769281,2654.889492418897,6564.763702811828,1.0,0.9,1.05,0.37349999999999994,0.13125,10.0,0.037349999999999994,100.0,11352.0
28.75,2085.781492387622,2614.3412433305607,6651.877264281823,1.0,0.9,1.05,0.37349999999999994,0.13125,10.0,0.037349999999999994,100.0,11352.0
29.0,2040.928717531286,2573.4109461401126,6737.660336328607,1.0,0.9,1.05,0.37349999999999994,0.13125,10.0,0.037349999999999994,100.0,11352.0
29.25,1997.7275769659223,2532.1720400352538,6822.100382998829,1.0,0.9,1.05,0.37349999999999994,0.13125,10.0,0.037349999999999994,100.0,11352.0
29.5,1956.1185359846154,2490.694185952904,6905.187278062486,1.0,0.9,1.05,0.37349999999999994,0.13125,10.0,0.037349999999999994,100.0,11352.0
29.75,1916.043510446551,2449.0433085143886,6986.913181039066,1.0,0.9,1.05,0.37349999999999994,0.13125,10.0,0.037349999999999994,100.0,11352.0
30.0,1877.445931463256,2407.281653937055,7067.2724145996945,1.0,0.9,1.05,0.37349999999999994,0.13125,10.0,0.037349999999999994,100.0,11352.0
30.25,1840.2707945175473,2365.467861612954,7146.261343869504,1.0,0.9,1.05,0.37349999999999994,0.13125,10.0,0.037349999999999994,100.0,11352.0
30.5,1804.4646946941807,2323.6570472271455,7223.878258078679,1.0,0.9,1.05,0.37349999999999994,0.13125,10.0,0.037349999999999994,100.0,11352.0
30.75,1769.9758495907722,2281.900895468413,7300.12325494082,1.0,0.9,1.05,0.37349999999999994,0.13125,10.0,0.037349999999999994,100.0,11352.0
31.0,1736.754111365398,2240.24776056123,7374.998128073377,1.0,0.9,1.05,0.37349999999999994,0.13125,10.0,0.037349999999999994,100.0,11352.0
31.25,1704.7509692654598,2198.742773017753,7448.506257716793,1.0,0.9,1.05,0.37349999999999994,0.13125,10.0,0.037349999999999994,100.0,11352.0
31.5,1673.9195438725756,2157.427951170992,7520.652504956438,1.0,0.9,1.05,0.37349999999999994,0.13125,10.0,0.037349999999999994,100.0,11352.0
31.75,1644.21457419173,2116.3423162040394,7591.443109604236,1.0,0.9,1.05,0.37349999999999994,0.13125,10.0,0.037349999999999994,100.0,11352.0
32.0,1615.592398610663,2075.5220095346613,7660.8855918546815,1.0,0.9,1.05,0.37349999999999994,0.13125,10.0,0.037349999999999994,100.0,11352.0
32.25,1588.0109306582126,2035.0004115492557,7728.988657792537,1.0,0.9,1.05,0.37349999999999994,0.13125,10.0,0.037349999999999994,100.0,11352.0
32.5,1561.42963039853,1994.8082608049783,7795.762108796497,1.0,0.9,1.05,0.37349999999999994,0.13125,10.0,0.037349999999999994,100.0,11352.0
32.75,1535.8094722120613,1954.9737729337835,7861.21675485416,1.0,0.9,1.05,0.37349999999999994,0.13125,10.0,0.037349999999999994,100.0,11352.0
33.0,1511.1129096340662,1915.5227585873888,7925.36433177855,1.0,0.9,1.05,0.37349999999999994,0.13125,10.0,0.037349999999999994,100.0,11352.0
33.25,1487.303837847246,1876.4787398580602,7988.217422294699,1.0,0.9,1.05,0.37349999999999994,0.13125,10.0,0.037349999999999994,100.0,11352.0
33.5,1464.3475543566942,1837.8630646970194,8049.789380946291,1.0,0.9,1.05,0.37349999999999994,0.13125,10.0,0.037349999999999994,100.0,11352.0
33.75,1442.2107183126977,1799.695018930645,8110.094262756662,1.0,0.9,1.05,0.37349999999999994,0.13125,10.0,0.037349999999999994,100.0,11352.0
34.0,1420.8613088897016,1761.9919355449792,8169.1467555653235,1.0,0.9,1.05,0.37349999999999994,0.13125,10.0,0.037349999999999994,100.0,11352.0
34.25,1400.268583077727,1724.7693009718841,8226.962115950393,1.0,0.9,1.05,0.37349999999999994,0.13125,10.0,0.037349999999999994,100.0,11352.0
34.5,1380.4030331954345,1688.0408581660367,8283.556108638533,1.0,0.9,1.05,0.37349999999999994,0.13125,10.0,0.037349999999999994,100.0,11352.0
34.75,1361.2363443915303,1651.8187063113678,8338.944949297107,1.0,0.9,1.05,0.37349999999999994,0.13125,10.0,0.037349999999999994,100.0,11352.0
35.0,1342.7413523630278,1616.1133970390288,8393.145250597949,1.0,0.9,1.05,0.37349999999999994,0.13125,10.0,0.037349999999999994,100.0,11352.0
35.25,1324.8920014846672,1580.9340270770463,8446.173971438291,1.0,0.9,1.05,0.37349999999999994,0.13125,10.0,0.037349999999999994,100.0,11352.0
35.5,1307.663303513275,1546.2883272849729,8498.048369201757,1.0,0.9,1.05,0.37349999999999994,0.13125,10.0,0.037349999999999994,100.0,11352.0
35.75,1291.031297003691,1512.1827480555187,8548.785954940795,1.0,0.9,1.05,0.37349999999999994,0.13125,10.0,0.037349999999999994,100.0,11352.0
36.0,1274.9730075488267,1478.6225410898112,8598.404451361366,1.0,0.9,1.05,0.37349999999999994,0.13125,10.0,0.037349999999999994,100.0,11352.0
36.25,1259.4664089351754,1445.611837573953,8646.921753490875,1.0,0.9,1.05,0.37349999999999994,0.13125,10.0,0.037349999999999994,100.0,11352.0
36.5,1244.4903852863886,1413.1537228023444,8694.35589191127,1.0,0.9,1.05,0.37349999999999994,0.13125,10.0,0.037349999999999994,100.0,11352.0
36.75,1230.024694251147,1381.250307308134,8740.72499844072,1.0,0.9,1.05,0.37349999999999994,0.13125,10.0,0.037349999999999994,100.0,11352.0
37.0,1216.0499312772497,1349.902794573483,8786.047274149269,1.0,0.9,1.05,0.37349999999999994,0.13125,10.0,0.037349999999999994,100.0,11352.0
37.25,1202.5474950014027,1319.1115454023877,8830.340959596211,1.0,0.9,1.05,0.37349999999999994,0.13125,10.0,0.037349999999999994,100.0,11352.0
37.5,1189.4995537734292,1288.8761390468455,8873.624307179727,1.0,0.9,1.05,0.37349999999999994,0.13125,10.0,0.037349999999999994,100.0,11352.0
37.75,1176.8890133243642,1259.1954311834359,8915.915555492202,1.0,0.9,1.05,0.37349999999999994,0.13125,10.0,0.037349999999999994,100.0,11352.0
38.0,1164.6994855799662,1230.0676088421274,8957.232905577908,1.0,0.9,1.05,0.37349999999999994,0.13125,10.0,0.037349999999999994,100.0,11352.0
38.25,1152.9152586144369,1201.4902423925244,8997.594498993041,1.0,0.9,1.05,0.37349999999999994,0.13125,10.0,0.037349999999999994,100.0,11352.0
38.5,1141.521267733453,1173.4603346950034,9037.018397571546,1.0,0.9,1.05,0.37349999999999994,0.13125,10.0,0.037349999999999994,100.0,11352.0
38.75,1130.5030676708507,1145.9743675254258,9075.522564803727,1.0,0.9,1.05,0.37349999999999994,0.13125,10.0,0.037349999999999994,100.0,11352.0
39.0,1119.8468058793617,1119.0283453824868,9113.124848738154,1.0,0.9,1.05,0.37349999999999994,0.13125,10.0,0.037349999999999994,100.0,11352.0
39.25,1109.5391968925753,1092.6178367864104,9149.842966321017,1.0,0.9,1.05,0.37349999999999994,0.13125,10.0,0.037349999999999994,100.0,11352.0
39.5,1099.5674977327085,1066.7380131767231,9185.69448909057,1.0,0.9,1.05,0.37349999999999994,0.13125,10.0,0.037349999999999994,100.0,11352.0
39.75,1089.9194843367193,1041.383685515351,9220.696830147932,1.0,0.9,1.05,0.37349999999999994,0.13125,10.0,0.037349999999999994,100.0,11352.0
40.0,1080.5834289717325,1016.5493386993653,9254.867232328905,1.0,0.9,1.05,0.37349999999999994,0.13125,10.0,0.037349999999999994,100.0,11352.0
40.25,1071.5480786095977,992.2291638854273,9288.222757504978,1.0,0.9,1.05,0.37349999999999994,0.13125,10.0,0.037349999999999994,100.0,11352.0
40.5,1062.8026342295977,968.4170888254366,9320.780276944968,1.0,0.9,1.05,0.37349999999999994,0.13125,10.0,0.037349999999999994,100.0,11352.0
40.75,1054.336731017847,945.1068063101028,9352.556462672053,1.0,0.9,1.05,0.37349999999999994,0.13125,10.0,0.037349999999999994,100.0,11352.0
41.0,1046.1404194316847,922.2918008142146,9383.567779754103,1.0,0.9,1.05,0.37349999999999994,0.13125,10.0,0.037349999999999994,100.0,11352.0
41.25,1038.2041470973757,899.9653734343073,9413.830479468319,1.0,0.9,1.05,0.37349999999999994,0.13125,10.0,0.037349999999999994,100.0,11352.0
41.5,1030.5187415096068,878.120665206263,9443.360593284133,1.0,0.9,1.05,0.37349999999999994,0.13125,10.0,0.037349999999999994,100.0,11352.0
41.75,1023.0753935016231,856.7506788871661,9472.173927611213,1.0,0.9,1.05,0.37349999999999994,0.13125,10.0,0.037349999999999994,100.0,11352.0
42.0,1015.8656414553136,835.8482992824905,9500.286059262198,1.0,0.9,1.05,0.37349999999999994,0.13125,10.0,0.037349999999999994,100.0,11352.0
42.25,1008.8813562211442,815.4063121964532,9527.712331582405,1.0,0.9,1.05,0.37349999999999994,0.13125,10.0,0.037349999999999994,100.0,11352.0
42.5,1002.1147267185052,795.4174220801461,9554.46785120135,1.0,0.9,1.05,0.37349999999999994,0.13125,10.0,0.037349999999999994,100.0,11352.0
42.75,995.5582461877774,775.8742684488691,9580.567485363355,1.0,0.9,1.05,0.37349999999999994,0.13125,10.0,0.037349999999999994,100.0,11352.0
43.0,989.2046990662184,756.7694411369496,9606.025859796833,1.0,0.9,1.05,0.37349999999999994,0.13125,10.0,0.037349999999999994,100.0,11352.0
43.25,983.0471484605988,738.095494455263,9630.85735708414,1.0,0.9,1.05,0.37349999999999994,0.13125,10.0,0.037349999999999994,100.0,11352.0
43.5,977.078924190387,719.8449603136613,9655.076115495953,1.0,0.9,1.05,0.37349999999999994,0.13125,10.0,0.037349999999999994,100.0,11352.0
43.75,971.2936113761568,702.0103603675996,9678.696028256245,1.0,0.9,1.05,0.37349999999999994,0.13125,10.0,0.037349999999999994,100.0,11352.0
44.0,965.6850395487887,684.5842172454057,9701.730743205806,1.0,0.9,1.05,0.37349999999999994,0.13125,10.0,0.037349999999999994,100.0,11352.0
44.25,960.2472722559315,667.559064909898,9724.19366283417,1.0,0.9,1.05,0.37349999999999994,0.13125,10.0,0.037349999999999994,100.0,11352.0
44.5,954.9745971430809,650.9274582053926,9746.097944651527,1.0,0.9,1.05,0.37349999999999994,0.13125,10.0,0.037349999999999994,100.0,11352.0
44.75,949.8615164875214,634.6819816385876,9767.45650187389,1.0,0.9,1.05,0.37349999999999994,0.13125,10.0,0.037349999999999994,100.0,11352.0
45.0,944.9027381642502,618.8152574393426,9788.282004396406,1.0,0.9,1.05,0.37349999999999994,0.13125,10.0,0.037349999999999994,100.0,11352.0
45.25,940.09316702386,603.3199529450044,9808.586880031135,1.0,0.9,1.05,0.37349999999999994,0.13125,10.0,0.037349999999999994,100.0,11352.0
45.5,935.4278966632002,588.1887873496563,9828.383315987143,1.0,0.9,1.05,0.37349999999999994,0.13125,10.0,0.037349999999999994,100.0,11352.0
45.75,930.9022015704527,573.4145378574932,9847.683260572054,1.0,0.9,1.05,0.37349999999999994,0.13125,10.0,0.037349999999999994,100.0,11352.0
46.0,926.5115296270625,558.9900452774343,9866.498425095502,1.0,0.9,1.05,0.37349999999999994,0.13125,10.0,0.037349999999999994,100.0,11352.0
46.25,922.2514949497311,544.9082190941,9884.840285956168,1.0,0.9,1.05,0.37349999999999994,0.13125,10.0,0.037349999999999994,100.0,11352.0
46.5,918.1178710564366,531.1620420483694,9902.720086895193,1.0,0.9,1.05,0.37349999999999994,0.13125,10.0,0.037349999999999994,100.0,11352.0
46.75,914.1065843411674,517.7445742589264,9920.148841399905,1.0,0.9,1.05,0.37349999999999994,0.13125,10.0,0.037349999999999994,100.0,11352.0
47.0,910.2137078427559,504.64895691446685,9937.137335242776,1.0,0.9,1.05,0.37349999999999994,0.13125,10.0,0.037349999999999994,100.0,11352.0
47.25,906.4354552938727,491.8684155645941,9953.696129141532,1.0,0.9,1.05,0.37349999999999994,0.13125,10.0,0.037349999999999994,100.0,11352.0
47.5,902.7681754368915,479.3962630358621,9969.835561527245,1.0,0.9,1.05,0.37349999999999994,0.13125,10.0,0.037349999999999994,100.0,11352.0
47.75,899.208346593956,467.2259019979334,9985.565751408109,1.0,0.9,1.05,0.37349999999999994,0.13125,10.0,0.037349999999999994,100.0,11352.0
48.0,895.7525714791788,455.35082720340347,10000.896601317416,1.0,0.9,1.05,0.37349999999999994,0.13125,10.0,0.037349999999999994,100.0,11352.0
48.25,892.3975722414752,443.76462742349537,10015.837800335028,1.0,0.9,1.05,0.37349999999999994,0.13125,10.0,0.037349999999999994,100.0,11352.0
48.5,889.140185727083,432.46098710055423,10030.398827172361,1.0,0.9,1.05,0.37349999999999994,0.13125,10.0,0.037349999999999994,100.0,11352.0
48.75,885.9773589513435,421.4336877370568,10044.588953311599,1.0,0.9,1.05,0.37349999999999994,0.13125,10.0,0.037349999999999994,100.0,11352.0
49.0,882.9061447698238,410.6766090397044,10058.41724619047,1.0,0.9,1.05,0.37349999999999994,0.13125,10.0,0.037349999999999994,100.0,11352.0
49.25,879.9236977393348,400.1837298360781,10071.892572424586,1.0,0.9,1.05,0.37349999999999994,0.13125,10.0,0.037349999999999994,100.0,11352.0
49.5,877.0272701598624,389.94912878030414,10085.023601059831,1.0,0.9,1.05,0.37349999999999994,0.13125,10.0,0.037349999999999994,100.0,11352.0
49.75,874.2142082888615,379.9669848632012,10097.818806847934,1.0,0.9,1.05,0.37349999999999994,0.13125,10.0,0.037349999999999994,100.0,11352.0
50.0,871.481948719782,370.23157774145693,10110.286473538757,1.0,0.9,1.05,0.37349999999999994,0.13125,10.0,0.037349999999999994,100.0,11352.0
50.25,868.8280149170904,360.73728789950707,10122.434697183398,1.0,0.9,1.05,0.37349999999999994,0.13125,10.0,0.037349999999999994,100.0,11352.0
50.5,866.2500139004306,351.4785966569642,10134.271389442602,1.0,0.9,1.05,0.37349999999999994,0.13125,10.0,0.037349999999999994,100.0,11352.0
50.75,863.7456330709279,342.4500860336604,10145.804280895409,1.0,0.9,1.05,0.37349999999999994,0.13125,10.0,0.037349999999999994,100.0,11352.0
51.0,861.3126371729783,333.64643848363045,10157.040924343388,1.0,0.9,1.05,0.37349999999999994,0.13125,10.0,0.037349999999999994,100.0,11352.0
51.25,858.9488653852004,325.06243650866423,10167.988698106132,1.0,0.9,1.05,0.37349999999999994,0.13125,10.0,0.037349999999999994,100.0,11352.0
51.5,856.6522285345266,316.69296216139753,10178.654809304073,1.0,0.9,1.05,0.37349999999999994,0.13125,10.0,0.037349999999999994,100.0,11352.0
51.75,854.4207064277152,308.53299644728804,10189.046297124994,1.0,0.9,1.05,0.37349999999999994,0.13125,10.0,0.037349999999999994,100.0,11352.0
52.0,852.2523452948398,300.5776186342369,10199.170036070922,1.0,0.9,1.05,0.37349999999999994,0.13125,10.0,0.037349999999999994,100.0,11352.0
52.25,850.1452553395802,292.82200547806053,10209.032739182358,1.0,0.9,1.05,0.37349999999999994,0.13125,10.0,0.037349999999999994,100.0,11352.0
52.5,848.097608391396,285.26143037149586,10218.640961237106,1.0,0.9,1.05,0.37349999999999994,0.13125,10.0,0.037349999999999994,100.0,11352.0
52.75,846.1076356548992,277.8912624239279,10228.00110192117,1.0,0.9,1.05,0.37349999999999994,0.13125,10.0,0.037349999999999994,100.0,11352.0
53.0,844.1736255519775,270.70696547856454,10237.119408969456,1.0,0.9,1.05,0.37349999999999994,0.13125,10.0,0.037349999999999994,100.0,11352.0
53.25,842.2939216524319,263.7040970733447,10246.001981274221,1.0,0.9,1.05,0.37349999999999994,0.13125,10.0,0.037349999999999994,100.0,11352.0
53.5,840.4669206891044,256.8783073514531,10254.65477195944,1.0,0.9,1.05,0.37349999999999994,0.13125,10.0,0.037349999999999994,100.0,11352.0
53.75,838.6910706536622,250.22533792692568,10263.08359141941,1.0,0.9,1.05,0.37349999999999994,0.13125,10.0,0.037349999999999994,100.0,11352.0
54.0,836.9648689693969,243.7410207104638,10271.294110320137,1.0,0.9,1.05,0.37349999999999994,0.13125,10.0,0.037349999999999994,100.0,11352.0
54.25,835.2868607375692,237.4212767002294,10279.291862562199,1.0,0.9,1.05,0.37349999999999994,0.13125,10.0,0.037349999999999994,100.0,11352.0
54.5,833.6556370540028,231.26211474206957,10287.082248203926,1.0,0.9,1.05,0.37349999999999994,0.13125,10.0,0.037349999999999994,100.0,11352.0
54.75,832.0698333927862,225.25963026331195,10294.6705363439,1.0,0.9,1.05,0.37349999999999994,0.13125,10.0,0.037349999999999994,100.0,11352.0
55.0,830.5281280540968,219.41000398398643,10302.061867961915,1.0,0.9,1.05,0.37349999999999994,0.13125,10.0,0.037349999999999994,100.0,11352.0
55.25,829.0292406733025,213.7095006090562,10309.261258717639,1.0,0.9,1.05,0.37349999999999994,0.13125,10.0,0.037349999999999994,100.0,11352.0
55.5,827.5719307886357,208.15446750498836,10316.273601706374,1.0,0.9,1.05,0.37349999999999994,0.13125,10.0,0.037349999999999994,100.0,11352.0
55.75,826.1549964648622,202.7413333637544,10323.103670171382,1.0,0.9,1.05,0.37349999999999994,0.13125,10.0,0.037349999999999994,100.0,11352.0
56.0,824.7772729704926,197.46660685712575,10329.75612017238,1.0,0.9,1.05,0.37349999999999994,0.13125,10.0,0.037349999999999994,100.0,11352.0
56.25,823.4376315061994,192.3268752839195,10336.235493209879,1.0,0.9,1.05,0.37349999999999994,0.13125,10.0,0.037349999999999994,100.0,11352.0
56.5,822.1349779822157,187.31880321264964,10342.546218805132,1.0,0.9,1.05,0.37349999999999994,0.13125,10.0,0.037349999999999994,100.0,11352.0
56.75,820.868251842596,182.43913112185425,10348.692617035547,1.0,0.9,1.05,0.37349999999999994,0.13125,10.0,0.037349999999999994,100.0,11352.0
57.0,819.6364249343214,177.684674040193,10354.678901025483,1.0,0.9,1.05,0.37349999999999994,0.13125,10.0,0.037349999999999994,100.0,11352.0
57.25,818.4385004193246,173.05232018824603,10360.509179392428,1.0,0.9,1.05,0.37349999999999994,0.13125,10.0,0.037349999999999994,100.0,11352.0
57.5,817.2735117276026,168.53902962379124,10366.187458648605,1.0,0.9,1.05,0.37349999999999994,0.13125,10.0,0.037349999999999994,100.0,11352.0
57.75,816.140521549671,164.1418328921922,10371.717645558136,1.0,0.9,1.05,0.37349999999999994,0.13125,10.0,0.037349999999999994,100.0,11352.0
58.0,815.0386208666939,159.85782968339427,10377.10354944991,1.0,0.9,1.05,0.37349999999999994,0.13125,10.0,0.037349999999999994,100.0,11352.0
58.25,813.9669280167027,155.6841874968991,10382.348884486397,1.0,0.9,1.05,0.37349999999999994,0.13125,10.0,0.037349999999999994,100.0,11352.0
58.5,812.9245877953903,151.61814031596953,10387.45727188864,1.0,0.9,1.05,0.37349999999999994,0.13125,10.0,0.037349999999999994,100.0,11352.0
58.75,811.9107705900373,147.6569872922048,10392.432242117757,1.0,0.9,1.05,0.37349999999999994,0.13125,10.0,0.037349999999999994,100.0,11352.0
59.0,810.9246715451932,143.79809144152338,10397.277237013283,1.0,0.9,1.05,0.37349999999999994,0.13125,10.0,0.037349999999999994,100.0,11352.0
59.25,809.9655097588002,140.03887835249142,10401.995611888708,1.0,0.9,1.05,0.37349999999999994,0.13125,10.0,0.037349999999999994,100.0,11352.0
59.5,809.0325275075047,136.37683490784573,10406.590637584648,1.0,0.9,1.05,0.37349999999999994,0.13125,10.0,0.037349999999999994,100.0,11352.0
59.75,808.124989499963,132.80950801997378,10411.065502480062,1.0,0.9,1.05,0.37349999999999994,0.13125,10.0,0.037349999999999994,100.0,11352.0
60.0,807.2421821569973,129.33450338103415,10415.423314461967,1.0,0.9,1.05,0.37349999999999994,0.13125,10.0,0.037349999999999994,100.0,11352.0
60.25,806.3834129175141,125.94948422832722,10419.667102854157,1.0,0.9,1.05,0.37349999999999994,0.13125,10.0,0.037349999999999994,100.0,11352.0
60.5,805.5480095691439,122.65217012545543,10423.7998203054,1.0,0.9,1.05,0.37349999999999994,0.13125,10.0,0.037349999999999994,100.0,11352.0
60.75,804.7353196026085,119.44033575974935,10427.82434463764,1.0,0.9,1.05,0.37349999999999994,0.13125,10.0,0.037349999999999994,100.0,11352.0
61.0,803.9447095888665,116.31180975637449,10431.743480654757,1.0,0.9,1.05,0.37349999999999994,0.13125,10.0,0.037349999999999994,100.0,11352.0
61.25,803.1755645781316,113.26447350947844,10435.559961912388,1.0,0.9,1.05,0.37349999999999994,0.13125,10.0,0.037349999999999994,100.0,11352.0
61.5,802.4272875198947,110.29626003068557,10439.276452449418,1.0,0.9,1.05,0.37349999999999994,0.13125,10.0,0.037349999999999994,100.0,11352.0
61.75,801.6992987031252,107.4051528151981,10442.895548481674,1.0,0.9,1.05,0.37349999999999994,0.13125,10.0,0.037349999999999994,100.0,11352.0
62.0,800.9910352158574,104.58918472571726,10446.419780058422,1.0,0.9,1.05,0.37349999999999994,0.13125,10.0,0.037349999999999994,100.0,11352.0
62.25,800.3019504234053,101.84643689435686,10449.851612682234,1.0,0.9,1.05,0.37349999999999994,0.13125,10.0,0.037349999999999994,100.0,11352.0
62.5,799.631513464484,99.17503764268211,10453.193448892831,1.0,0.9,1.05,0.37349999999999994,0.13125,10.0,0.037349999999999994,100.0,11352.0
62.75,798.9792087645441,96.57316141997151,10456.447629815482,1.0,0.9,1.05,0.37349999999999994,0.13125,10.0,0.037349999999999994,100.0,11352.0
63.0,798.3445355656571,94.03902775976564,10459.616436674574,1.0,0.9,1.05,0.37349999999999994,0.13125,10.0,0.037349999999999994,100.0,11352.0
63.25,797.7270074723189,91.57090025473664,10462.70209227294,1.0,0.9,1.05,0.37349999999999994,0.13125,10.0,0.037349999999999994,100.0,11352.0
63.5,797.1261520125637,89.16708554988324,10465.706762437549,1.0,0.9,1.05,0.37349999999999994,0.13125,10.0,0.037349999999999994,100.0,11352.0
63.75,796.5415102138107,86.8259323540306,10468.632557432154,1.0,0.9,1.05,0.37349999999999994,0.13125,10.0,0.037349999999999994,100.0,11352.0
64.0,795.9726361928849,84.54583046958982,10471.48153333752,1.0,0.9,1.05,0.37349999999999994,0.13125,10.0,0.037349999999999994,100.0,11352.0
64.25,795.4190967596812,82.32520984051006,10474.255693399804,1.0,0.9,1.05,0.37349999999999994,0.13125,10.0,0.037349999999999994,100.0,11352.0
64.5,794.8804710339637,80.16253961833583,10476.956989347696,1.0,0.9,1.05,0.37349999999999994,0.13125,10.0,0.037349999999999994,100.0,11352.0
64.75,794.3563500748091,78.05632724626366,10479.587322678923,1.0,0.9,1.05,0.37349999999999994,0.13125,10.0,0.037349999999999994,100.0,11352.0
65.0,793.8463365222296,76.00511756107508,10482.14854591669,1.0,0.9,1.05,0.37349999999999994,0.13125,10.0,0.037349999999999994,100.0,11352.0
65.25,793.3500442505242,74.00749191280775,10484.642463836664,1.0,0.9,1.05,0.37349999999999994,0.13125,10.0,0.037349999999999994,100.0,11352.0
65.5,792.8670980329307,72.06206730201224,10487.070834665054,1.0,0.9,1.05,0.37349999999999994,0.13125,10.0,0.037349999999999994,100.0,11352.0
65.75,792.3971332171662,70.16749553442936,10489.4353712484,1.0,0.9,1.05,0.37349999999999994,0.13125,10.0,0.037349999999999994,100.0,11352.0
66.0,791.9397954114606,68.32246239291153,10491.737742195624,1.0,0.9,1.05,0.37349999999999994,0.13125,10.0,0.037349999999999994,100.0,11352.0
66.25,791.4947401807037,66.52568682640103,10493.979572992892,1.0,0.9,1.05,0.37349999999999994,0.13125,10.0,0.037349999999999994,100.0,11352.0
66.5,791.0616327523445,64.775920155769,10496.162447091883,1.0,0.9,1.05,0.37349999999999994,0.13125,10.0,0.037349999999999994,100.0,11352.0
66.75,790.6401477316916,63.07194529631068,10498.287906971995,1.0,0.9,1.05,0.37349999999999994,0.13125,10.0,0.037349999999999994,100.0,11352.0
67.0,790.2299688262822,61.412575996684886,10500.35745517703,1.0,0.9,1.05,0.37349999999999994,0.13125,10.0,0.037349999999999994,100.0,11352.0
67.25,789.8307885789964,59.796656094079445,10502.372555326921,1.0,0.9,1.05,0.37349999999999994,0.13125,10.0,0.037349999999999994,100.0,11352.0
67.5,789.4423081096103,58.22305878537857,10504.334633105009,1.0,0.9,1.05,0.37349999999999994,0.13125,10.0,0.037349999999999994,100.0,11352.0
67.75,789.0642368644903,56.69068591410325,10506.245077221403,1.0,0.9,1.05,0.37349999999999994,0.13125,10.0,0.037349999999999994,100.0,11352.0
68.0,788.6962923741456,55.19846727289148,10508.10524035296,1.0,0.9,1.05,0.37349999999999994,0.13125,10.0,0.037349999999999994,100.0,11352.0
68.25,788.3382000183636,53.74535992128175,10509.916440060351,1.0,0.9,1.05,0.37349999999999994,0.13125,10.0,0.037349999999999994,100.0,11352.0
68.5,787.9896927986682,52.330347518560146,10511.679959682768,1.0,0.9,1.05,0.37349999999999994,0.13125,10.0,0.037349999999999994,100.0,11352.0
68.75,787.6505111178466,50.95243967142908,10513.39704921072,1.0,0.9,1.05,0.37349999999999994,0.13125,10.0,0.037349999999999994,100.0,11352.0
69.0,787.3204025663031,49.61067129625384,10515.06892613744,1.0,0.9,1.05,0.37349999999999994,0.13125,10.0,0.037349999999999994,100.0,11352.0
69.25,786.9991217150068,48.3041019956418,10516.696776289347,1.0,0.9,1.05,0.37349999999999994,0.13125,10.0,0.037349999999999994,100.0,11352.0
69.5,786.6864299148085,47.031815449108166,10518.28175463608,1.0,0.9,1.05,0.37349999999999994,0.13125,10.0,0.037349999999999994,100.0,11352.0
69.75,786.3820951019111,45.79291881758169,10519.824986080504,1.0,0.9,1.05,0.37349999999999994,0.13125,10.0,0.037349999999999994,100.0,11352.0
70.0,786.0858916092873,44.586542161503665,10521.327566229207,1.0,0.9,1.05,0.37349999999999994,0.13125,10.0,0.037349999999999994,100.0,11352.0
70.25,785.7975999838429,43.41183787227368,10522.790562143882,1.0,0.9,1.05,0.37349999999999994,0.13125,10.0,0.037349999999999994,100.0,11352.0
70.5,785.5170068091363,42.26798011679633,10524.215013074067,1.0,0.9,1.05,0.37349999999999994,0.13125,10.0,0.037349999999999994,100.0,11352.0
70.75,785.2439045334664,41.15416429488382,10525.601931171648,1.0,0.9,1.05,0.37349999999999994,0.13125,10.0,0.037349999999999994,100.0,11352.0
71.0,784.9780913031539,40.06960650927054,10526.952302187574,1.0,0.9,1.05,0.37349999999999994,0.13125,10.0,0.037349999999999994,100.0,11352.0
71.25,784.7193708008417,39.0135430479972,10528.26708615116,1.0,0.9,1.05,0.37349999999999994,0.13125,10.0,0.037349999999999994,100.0,11352.0
71.5,784.4675520886528,37.98522987892364,10529.547218032421,1.0,0.9,1.05,0.37349999999999994,0.13125,10.0,0.037349999999999994,100.0,11352.0
71.75,784.2224494560431,36.98394215613121,10530.793608387823,1.0,0.9,1.05,0.37349999999999994,0.13125,10.0,0.037349999999999994,100.0,11352.0
72.0,783.9838822721985,36.00897373797787,10532.007143989822,1.0,0.9,1.05,0.37349999999999994,0.13125,10.0,0.037349999999999994,100.0,11352.0
72.25,783.7516748428278,35.05963671657106,10533.1886884406,1.0,0.9,1.05,0.37349999999999994,0.13125,10.0,0.037349999999999994,100.0,11352.0
72.5,783.5256562712104,34.13526095842599,10534.339082770362,1.0,0.9,1.05,0.37349999999999994,0.13125,10.0,0.037349999999999994,100.0,11352.0
72.75,783.3056603233588,33.235193656079296,10535.459146020561,1.0,0.9,1.05,0.37349999999999994,0.13125,10.0,0.037349999999999994,100.0,11352.0
73.0,783.0915252971671,32.35879889043088,10536.5496758124,1.0,0.9,1.05,0.37349999999999994,0.13125,10.0,0.037349999999999994,100.0,11352.0
73.25,782.8830938954166,31.505457203589184,10537.611448900992,1.0,0.9,1.05,0.37349999999999994,0.13125,10.0,0.037349999999999994,100.0,11352.0
73.5,782.6802131025147,30.67456518199823,10538.645221715486,1.0,0.9,1.05,0.37349999999999994,0.13125,10.0,0.037349999999999994,100.0,11352.0
73.75,782.482734064851,29.86553504962759,10539.65173088552,1.0,0.9,1.05,0.37349999999999994,0.13125,10.0,0.037349999999999994,100.0,11352.0
74.0,782.2905119746533,29.07779427100941,10540.631693754336,1.0,0.9,1.05,0.37349999999999994,0.13125,10.0,0.037349999999999994,100.0,11352.0
74.25,782.1034059572355,28.31078516390976,10541.585808878854,1.0,0.9,1.05,0.37349999999999994,0.13125,10.0,0.037349999999999994,100.0,11352.0
74.5,781.9212789615299,27.56396452142465,10542.514756517045,1.0,0.9,1.05,0.37349999999999994,0.13125,10.0,0.037349999999999994,100.0,11352.0
74.75,781.743997653801,26.83680324329429,10543.419199102904,1.0,0.9,1.05,0.37349999999999994,0.13125,10.0,0.037349999999999994,100.0,11352.0
75.0,781.5714323144424,26.1287859762323,10544.299781709324,1.0,0.9,1.05,0.37349999999999994,0.13125,10.0,0.037349999999999994,100.0,11352.0
75.25,781.4034567377596,25.43941076306993,10545.15713249917,1.0,0.9,1.05,0.37349999999999994,0.13125,10.0,0.037349999999999994,100.0,11352.0
75.5,781.2399481346478,24.768188700518518,10545.991863164832,1.0,0.9,1.05,0.37349999999999994,0.13125,10.0,0.037349999999999994,100.0,11352.0
75.75,781.0807870380737,24.114643605356807,10546.80456935657,1.0,0.9,1.05,0.37349999999999994,0.13125,10.0,0.037349999999999994,100.0,11352.0
76.0,780.9258572112767,23.478311688852987,10547.59583109987,1.0,0.9,1.05,0.37349999999999994,0.13125,10.0,0.037349999999999994,100.0,11352.0
76.25,780.7750455586046,22.858741239234647,10548.36621320216,1.0,0.9,1.05,0.37349999999999994,0.13125,10.0,0.037349999999999994,100.0,11352.0
76.5,780.6282420389036,22.255492312023186,10549.116265649072,1.0,0.9,1.05,0.37349999999999994,0.13125,10.0,0.037349999999999994,100.0,11352.0
76.75,780.485339581386,21.6681364280525,10549.84652399056,1.0,0.9,1.05,0.37349999999999994,0.13125,10.0,0.037349999999999994,100.0,11352.0
77.0,780.346234003898,21.096256278995067,10550.557509717106,1.0,0.9,1.05,0.37349999999999994,0.13125,10.0,0.037349999999999994,100.0,11352.0
77.25,780.2108239335166,20.53944544022191,10551.249730626261,1.0,0.9,1.05,0.37349999999999994,0.13125,10.0,0.037349999999999994,100.0,11352.0
77.5,780.0790107294051,19.997308090826124,10551.92368117977,1.0,0.9,1.05,0.37349999999999994,0.13125,10.0,0.037349999999999994,100.0,11352.0
77.75,779.950698407858,19.469458740642963,10552.579842851499,1.0,0.9,1.05,0.37349999999999994,0.13125,10.0,0.037349999999999994,100.0,11352.0
78.0,779.8257935694709,18.955521964102722,10553.218684466427,1.0,0.9,1.05,0.37349999999999994,0.13125,10.0,0.037349999999999994,100.0,11352.0
78.25,779.7042053283707,18.455132140755854,10553.840662530874,1.0,0.9,1.05,0.37349999999999994,0.13125,10.0,0.037349999999999994,100.0,11352.0
78.5,779.585845243445,17.96793320231296,10554.446221554243,1.0,0.9,1.05,0.37349999999999994,0.13125,10.0,0.037349999999999994,100.0,11352.0
78.75,779.4706272515116,17.493578386045467,10555.035794362444,1.0,0.9,1.05,0.37349999999999994,0.13125,10.0,0.037349999999999994,100.0,11352.0
79.0,779.358467602369,17.031729994395914,10555.609802403236,1.0,0.9,1.05,0.37349999999999994,0.13125,10.0,0.037349999999999994,100.0,11352.0
79.25,779.2492847956739,16.582059160649873,10556.168656043677,1.0,0.9,1.05,0.37349999999999994,0.13125,10.0,0.037349999999999994,100.0,11352.0
79.5,779.1429995195904,16.144245620524647,10556.712754859886,1.0,0.9,1.05,0.37349999999999994,0.13125,10.0,0.037349999999999994,100.0,11352.0
79.75,779.0395345911588,15.717977489532782,10557.24248791931,1.0,0.9,1.05,0.37349999999999994,0.13125,10.0,0.037349999999999994,100.0,11352.0
80.0,778.9388148983347,15.30295104598161,10557.758234055686,1.0,0.9,1.05,0.37349999999999994,0.13125,10.0,0.037349999999999994,100.0,11352.0
80.25,778.8407673436473,14.8988705194728,10558.260362136882,1.0,0.9,1.05,0.37349999999999994,0.13125,10.0,0.037349999999999994,100.0,11352.0
80.5,778.7453207894309,14.505447884768937,10558.749231325803,1.0,0.9,1.05,0.37349999999999994,0.13125,10.0,0.037349999999999994,100.0,11352.0
80.75,778.6524060045839,14.12240266089696,10559.22519133452,1.0,0.9,1.05,0.37349999999999994,0.13125,10.0,0.037349999999999994,100.0,11352.0
81.0,778.561955612809,13.749461715361111,10559.688582671832,1.0,0.9,1.05,0.37349999999999994,0.13125,10.0,0.037349999999999994,100.0,11352.0
81.25,778.473904042294,13.386359073340888,10560.139736884366,1.0,0.9,1.05,0.37349999999999994,0.13125,10.0,0.037349999999999994,100.0,11352.0
81.5,778.3881874767887,13.032835731752147,10560.578976791461,1.0,0.9,1.05,0.37349999999999994,0.13125,10.0,0.037349999999999994,100.0,11352.0
81.75,778.3047438080405,12.688639478052293,10561.006616713908,1.0,0.9,1.05,0.37349999999999994,0.13125,10.0,0.037349999999999994,100.0,11352.0
82.0,778.2235125895461,12.353524713673062,10561.422962696783,1.0,0.9,1.05,0.37349999999999994,0.13125,10.0,0.037349999999999994,100.0,11352.0
82.25,778.1444349915846,12.0272522819671,10561.82831272645,1.0,0.9,1.05,0.37349999999999994,0.13125,10.0,0.037349999999999994,100.0,11352.0
82.5,778.0674537574927,11.70958930055701,10562.222956941952,1.0,0.9,1.05,0.37349999999999994,0.13125,10.0,0.037349999999999994,100.0,11352.0
82.75,777.992513161147,11.400308997978147,10562.607177840877,1.0,0.9,1.05,0.37349999999999994,0.13125,10.0,0.037349999999999994,100.0,11352.0
83.0,777.9195589656201,11.099190554508862,10562.981250479874,1.0,0.9,1.05,0.37349999999999994,0.13125,10.0,0.037349999999999994,100.0,11352.0
83.25,777.8485383829748,10.806018947084345,10563.345442669943,1.0,0.9,1.05,0.37349999999999994,0.13125,10.0,0.037349999999999994,100.0,11352.0
83.5,777.7794000351653,10.520584798192612,10563.700015166643,1.0,0.9,1.05,0.37349999999999994,0.13125,10.0,0.037349999999999994,100.0,11352.0
83.75,777.7120939160137,10.24268422865351,10564.045221855335,1.0,0.9,1.05,0.37349999999999994,0.13125,10.0,0.037349999999999994,100.0,11352.0
84.0,777.6465713542307,9.972118714183912,10564.381309931587,1.0,0.9,1.05,0.37349999999999994,0.13125,10.0,0.037349999999999994,100.0,11352.0
84.25,777.5827849774508,9.708694945654562,10564.708520076896,1.0,0.9,1.05,0.37349999999999994,0.13125,10.0,0.037349999999999994,100.0,11352.0
84.5,777.520688677255,9.452224692946173,10565.0270866298,1.0,0.9,1.05,0.37349999999999994,0.13125,10.0,0.037349999999999994,100.0,11352.0
84.75,777.4602375751492,9.202524672314622,10565.337237752537,1.0,0.9,1.05,0.37349999999999994,0.13125,10.0,0.037349999999999994,100.0,11352.0
85.0,777.4013879894763,8.95941641717717,10565.639195593349,1.0,0.9,1.05,0.37349999999999994,0.13125,10.0,0.037349999999999994,100.0,11352.0
85.25,777.3440974032312,8.722726152233722,10565.933176444538,1.0,0.9,1.05,0.37349999999999994,0.13125,10.0,0.037349999999999994,100.0,11352.0
85.5,777.2883244327556,8.492284670839181,10566.219390896407,1.0,0.9,1.05,0.37349999999999994,0.13125,10.0,0.037349999999999994,100.0,11352.0
85.75,777.2340287972879,8.26792721554497,10566.498043987169,1.0,0.9,1.05,0.37349999999999994,0.13125,10.0,0.037349999999999994,100.0,11352.0
86.0,777.1811712893431,8.049493361729724,10566.769335348929,1.0,0.9,1.05,0.37349999999999994,0.13125,10.0,0.037349999999999994,100.0,11352.0
86.25,777.1297137459,7.836826904241068,10567.033459349861,1.0,0.9,1.05,0.37349999999999994,0.13125,10.0,0.037349999999999994,100.0,11352.0
86.5,777.0796190203732,7.629775746972332,10567.290605232656,1.0,0.9,1.05,0.37349999999999994,0.13125,10.0,0.037349999999999994,100.0,11352.0
86.75,777.0308509553482,7.428191795299789,10567.540957249354,1.0,0.9,1.05,0.37349999999999994,0.13125,10.0,0.037349999999999994,100.0,11352.0
87.0,776.9833743560569,7.231930851307892,10567.784694792637,1.0,0.9,1.05,0.37349999999999994,0.13125,10.0,0.037349999999999994,100.0,11352.0
87.25,776.9371549645745,7.040852511731703,10568.021992523696,1.0,0.9,1.05,0.37349999999999994,0.13125,10.0,0.037349999999999994,100.0,11352.0
87.5,776.8921594347175,6.854820068547421,10568.253020496737,1.0,0.9,1.05,0.37349999999999994,0.13125,10.0,0.037349999999999994,100.0,11352.0
87.75,776.8483553076221,6.67370041214361,10568.477944280236,1.0,0.9,1.05,0.37349999999999994,0.13125,10.0,0.037349999999999994,100.0,11352.0
88.0,776.8057109879849,6.497363937007384,10568.69692507501,1.0,0.9,1.05,0.37349999999999994,0.13125,10.0,0.037349999999999994,100.0,11352.0
88.25,776.7641957209478,6.325684449861394,10568.910119829194,1.0,0.9,1.05,0.37349999999999994,0.13125,10.0,0.037349999999999994,100.0,11352.0
88.5,776.7237795696091,6.158539080189052,10569.117681350204,1.0,0.9,1.05,0.37349999999999994,0.13125,10.0,0.037349999999999994,100.0,11352.0
88.75,776.6844333931425,5.9958081930869485,10569.319758413772,1.0,0.9,1.05,0.37349999999999994,0.13125,10.0,0.037349999999999994,100.0,11352.0
89.0,776.6461288255089,5.8373753043849455,10569.516495870108,1.0,0.9,1.05,0.37349999999999994,0.13125,10.0,0.037349999999999994,100.0,11352.0
89.25,776.6088382547427,5.683126997975882,10569.708034747284,1.0,0.9,1.05,0.37349999999999994,0.13125,10.0,0.037349999999999994,100.0,11352.0
89.5,776.5725348027993,5.5329528452982615,10569.894512351904,1.0,0.9,1.05,0.37349999999999994,0.13125,10.0,0.037349999999999994,100.0,11352.0
89.75,776.5371923059445,5.386745326916708,10570.076062367141,1.0,0.9,1.05,0.37349999999999994,0.13125,10.0,0.037349999999999994,100.0,11352.0
90.0,776.5027852956754,5.244399756146345,10570.25281494818,1.0,0.9,1.05,0.37349999999999994,0.13125,10.0,0.037349999999999994,100.0,11352.0
90.25,776.4692889801546,5.105814204668573,10570.424896815179,1.0,0.9,1.05,0.37349999999999994,0.13125,10.0,0.037349999999999994,100.0,11352.0
90.5,776.4366792261454,4.970889430087062,10570.59243134377,1.0,0.9,1.05,0.37349999999999994,0.13125,10.0,0.037349999999999994,100.0,11352.0
90.75,776.4049325414337,4.839528805374023,10570.755538653195,1.0,0.9,1.05,0.37349999999999994,0.13125,10.0,0.037349999999999994,100.0,11352.0
91.0,776.3740260577233,4.711638250158098,10570.914335692121,1.0,0.9,1.05,0.37349999999999994,0.13125,10.0,0.037349999999999994,100.0,11352.0
91.25,776.3439375139917,4.5871261638063885,10571.068936322205,1.0,0.9,1.05,0.37349999999999994,0.13125,10.0,0.037349999999999994,100.0,11352.0
91.5,776.3146452402938,4.465903360254392,10571.219451399455,1.0,0.9,1.05,0.37349999999999994,0.13125,10.0,0.037349999999999994,100.0,11352.0
91.75,776.2861281420011,4.3478830045387085,10571.365988853462,1.0,0.9,1.05,0.37349999999999994,0.13125,10.0,0.037349999999999994,100.0,11352.0
92.0,776.2583656844648,4.232980550988578,10571.50865376455,1.0,0.9,1.05,0.37349999999999994,0.13125,10.0,0.037349999999999994,100.0,11352.0
92.25,776.2313378780907,4.121113683033362,10571.64754843888,1.0,0.9,1.05,0.37349999999999994,0.13125,10.0,0.037349999999999994,100.0,11352.0
92.5,776.2050252638153,4.012202254584214,10571.782772481603,1.0,0.9,1.05,0.37349999999999994,0.13125,10.0,0.037349999999999994,100.0,11352.0
92.75,776.1794088989717,3.9061682329492013,10571.914422868082,1.0,0.9,1.05,0.37349999999999994,0.13125,10.0,0.037349999999999994,100.0,11352.0
93.0,776.1544703435351,3.80293564324218,10572.042594013225,1.0,0.9,1.05,0.37349999999999994,0.13125,10.0,0.037349999999999994,100.0,11352.0
93.25,776.1301916467366,3.7024305142467524,10572.167377839018,1.0,0.9,1.05,0.37349999999999994,0.13125,10.0,0.037349999999999994,100.0,11352.0
93.5,776.1065553340371,3.6045808256975778,10572.288863840266,1.0,0.9,1.05,0.37349999999999994,0.13125,10.0,0.037349999999999994,100.0,11352.0
93.75,776.0835443944492,3.509316456942304,10572.407139148609,1.0,0.9,1.05,0.37349999999999994,0.13125,10.0,0.037349999999999994,100.0,11352.0
94.0,776.0611422681998,3.4165691369482927,10572.522288594851,1.0,0.9,1.05,0.37349999999999994,0.13125,10.0,0.037349999999999994,100.0,11352.0
94.25,776.0393328347227,3.326272395619236,10572.634394769657,1.0,0.9,1.05,0.37349999999999994,0.13125,10.0,0.037349999999999994,100.0,11352.0
94.5,776.018100400973,3.2383615163876494,10572.743538082637,1.0,0.9,1.05,0.37349999999999994,0.13125,10.0,0.037349999999999994,100.0,11352.0
94.75,775.9974296900541,3.1527734900500923,10572.849796819894,1.0,0.9,1.05,0.37349999999999994,0.13125,10.0,0.037349999999999994,100.0,11352.0
95.0,775.9773058301491,3.069446969812811,10572.953247200036,1.0,0.9,1.05,0.37349999999999994,0.13125,10.0,0.037349999999999994,100.0,11352.0
95.25,775.9577143437486,2.9883222275163286,10573.053963428732,1.0,0.9,1.05,0.37349999999999994,0.13125,10.0,0.037349999999999994,100.0,11352.0
95.5,775.9386411371663,2.909341111008308,10573.152017751823,1.0,0.9,1.05,0.37349999999999994,0.13125,10.0,0.037349999999999994,100.0,11352.0
95.75,775.9200724903349,2.8324470026348023,10573.247480507029,1.0,0.9,1.05,0.37349999999999994,0.13125,10.0,0.037349999999999994,100.0,11352.0
96.0,775.901995046875,2.7575847788207697,10573.340420174303,1.0,0.9,1.05,0.37349999999999994,0.13125,10.0,0.037349999999999994,100.0,11352.0
96.25,775.8843958044292,2.6847007707114745,10573.430903424858,1.0,0.9,1.05,0.37349999999999994,0.13125,10.0,0.037349999999999994,100.0,11352.0
96.5,775.8672621052546,2.6137427258471337,10573.518995168897,1.0,0.9,1.05,0.37349999999999994,0.13125,10.0,0.037349999999999994,100.0,11352.0
96.75,775.8505816270659,2.5446597708438676,10573.604758602089,1.0,0.9,1.05,0.37349999999999994,0.13125,10.0,0.037349999999999994,100.0,11352.0
97.0,775.8343423741243,2.4774023750547087,10573.68825525082,1.0,0.9,1.05,0.37349999999999994,0.13125,10.0,0.037349999999999994,100.0,11352.0
97.25,775.8185326685624,2.4119223151851057,10573.769545016252,1.0,0.9,1.05,0.37349999999999994,0.13125,10.0,0.037349999999999994,100.0,11352.0
97.5,775.8031411419424,2.3481726408380035,10573.84868621722,1.0,0.9,1.05,0.37349999999999994,0.13125,10.0,0.037349999999999994,100.0,11352.0
97.75,775.7881567270387,2.2861076409642367,10573.925735631998,1.0,0.9,1.05,0.37349999999999994,0.13125,10.0,0.037349999999999994,100.0,11352.0
98.0,775.7735686498391,2.225682811194587,10574.000748538967,1.0,0.9,1.05,0.37349999999999994,0.13125,10.0,0.037349999999999994,100.0,11352.0
98.25,775.7593664217609,2.1668548220304764,10574.073778756208,1.0,0.9,1.05,0.37349999999999994,0.13125,10.0,0.037349999999999994,100.0,11352.0
98.5,775.7455398320726,2.1095814878708516,10574.144878680056,1.0,0.9,1.05,0.37349999999999994,0.13125,10.0,0.037349999999999994,100.0,11352.0
98.75,775.7320789405193,2.053821736853403,10574.214099322626,1.0,0.9,1.05,0.37349999999999994,0.13125,10.0,0.037349999999999994,100.0,11352.0
99.0,775.7189740701433,1.9995355814888232,10574.281490348367,1.0,0.9,1.05,0.37349999999999994,0.13125,10.0,0.037349999999999994,100.0,11352.0
99.25,775.7062158002972,1.9466840900673636,10574.347100109635,1.0,0.9,1.05,0.37349999999999994,0.13125,10.0,0.037349999999999994,100.0,11352.0
99.5,775.6937949598417,1.8952293588174767,10574.41097568134,1.0,0.9,1.05,0.37349999999999994,0.13125,10.0,0.037349999999999994,100.0,11352.0
99.75,775.6817026205262,1.8451344847968651,10574.473162894676,1.0,0.9,1.05,0.37349999999999994,0.13125,10.0,0.037349999999999994,100.0,11352.0
100.0,775.6699300905439,1.7963635394967632,10574.533706369957,1.0,0.9,1.05,0.37349999999999994,0.13125,10.0,0.037349999999999994,100.0,11352.0
100.25,775.6584689082601,1.7488815431407718,10574.592649548596,1.0,0.9,1.05,0.37349999999999994,0.13125,10.0,0.037349999999999994,100.0,11352.0
100.5,775.6473108361065,1.7026544396600582,10574.65003472423,1.0,0.9,1.05,0.37349999999999994,0.13125,10.0,0.037349999999999994,100.0,11352.0
100.75,775.636447854638,1.6576490723271973,10574.705903073032,1.0,0.9,1.05,0.37349999999999994,0.13125,10.0,0.037349999999999994,100.0,11352.0
101.0,775.6258721567481,1.6138331600313958,10574.760294683218,1.0,0.9,1.05,0.37349999999999994,0.13125,10.0,0.037349999999999994,100.0,11352.0
101.25,775.6155761420376,1.5711752741782892,10574.813248583781,1.0,0.9,1.05,0.37349999999999994,0.13125,10.0,0.037349999999999994,100.0,11352.0
101.5,775.605552411334,1.529644816197934,10574.864802772465,1.0,0.9,1.05,0.37349999999999994,0.13125,10.0,0.037349999999999994,100.0,11352.0
101.75,775.5957937613554,1.4892119956450471,10574.914994242996,1.0,0.9,1.05,0.37349999999999994,0.13125,10.0,0.037349999999999994,100.0,11352.0
102.0,775.5862931795174,1.4498478088759617,10574.963859011603,1.0,0.9,1.05,0.37349999999999994,0.13125,10.0,0.037349999999999994,100.0,11352.0
102.25,775.5770438388774,1.411524018287163,10575.011432142832,1.0,0.9,1.05,0.37349999999999994,0.13125,10.0,0.037349999999999994,100.0,11352.0
102.5,775.5680390932139,1.3742131321006748,10575.057747774681,1.0,0.9,1.05,0.37349999999999994,0.13125,10.0,0.037349999999999994,100.0,11352.0
102.75,775.5592724722355,1.3378883846819414,10575.102839143077,1.0,0.9,1.05,0.37349999999999994,0.13125,10.0,0.037349999999999994,100.0,11352.0
103.0,775.5507376769189,1.3025237173762265,10575.1467386057,1.0,0.9,1.05,0.37349999999999994,0.13125,10.0,0.037349999999999994,100.0,11352.0
103.25,775.5424285749688,1.2680937598499165,10575.189477665175,1.0,0.9,1.05,0.37349999999999994,0.13125,10.0,0.037349999999999994,100.0,11352.0
103.5,775.5343391964001,1.2345738119234695,10575.231086991671,1.0,0.9,1.05,0.37349999999999994,0.13125,10.0,0.037349999999999994,100.0,11352.0
103.75,775.5264637292368,1.201939825883096,10575.271596444874,1.0,0.9,1.05,0.37349999999999994,0.13125,10.0,0.037349999999999994,100.0,11352.0
104.0,775.5187965153244,1.1701683892585966,10575.31103509541,1.0,0.9,1.05,0.37349999999999994,0.13125,10.0,0.037349999999999994,100.0,11352.0
104.25,775.5113320462553,1.1392367080551082,10575.349431245682,1.0,0.9,1.05,0.37349999999999994,0.13125,10.0,0.037349999999999994,100.0,11352.0
104.5,775.5040649594006,1.1091225904268325,10575.386812450166,1.0,0.9,1.05,0.37349999999999994,0.13125,10.0,0.037349999999999994,100.0,11352.0
104.75,775.4969900340479,1.0798044307811265,10575.423205535164,1.0,0.9,1.05,0.37349999999999994,0.13125,10.0,0.037349999999999994,100.0,11352.0
105.0,775.4901021876424,1.051261194301649,10575.458636618048,1.0,0.9,1.05,0.37349999999999994,0.13125,10.0,0.037349999999999994,100.0,11352.0
105.25,775.4833964721265,1.0234724018795394,10575.493131125986,1.0,0.9,1.05,0.37349999999999994,0.13125,10.0,0.037349999999999994,100.0,11352.0
105.5,775.4768680703775,0.9964181154419042,10575.526713814173,1.0,0.9,1.05,0.37349999999999994,0.13125,10.0,0.037349999999999994,100.0,11352.0
105.75,775.4705122927393,0.970078923667161,10575.559408783587,1.0,0.9,1.05,0.37349999999999994,0.13125,10.0,0.037349999999999994,100.0,11352.0
106.0,775.4643245736465,0.9444359280770661,10575.59123949827,1.0,0.9,1.05,0.37349999999999994,0.13125,10.0,0.037349999999999994,100.0,11352.0
106.25,775.458300468338,0.9194707294955162,10575.62222880216,1.0,0.9,1.05,0.37349999999999994,0.13125,10.0,0.037349999999999994,100.0,11352.0
106.5,775.4524356496576,0.8951654148644751,10575.652398935472,1.0,0.9,1.05,0.37349999999999994,0.13125,10.0,0.037349999999999994,100.0,11352.0
106.75,775.4467259049392,0.8715025444076288,10575.681771550648,1.0,0.9,1.05,0.37349999999999994,0.13125,10.0,0.037349999999999994,100.0,11352.0
107.0,775.4411671329758,0.848465139132619,10575.710367727886,1.0,0.9,1.05,0.37349999999999994,0.13125,10.0,0.037349999999999994,100.0,11352.0
107.25,775.4357553410676,0.826036668662943,10575.738207990264,1.0,0.9,1.05,0.37349999999999994,0.13125,10.0,0.037349999999999994,100.0,11352.0
107.5,775.4304866421493,0.8042010393908438,10575.765312318454,1.0,0.9,1.05,0.37349999999999994,0.13125,10.0,0.037349999999999994,100.0,11352.0
107.75,775.4253572519924,0.7829425829427393,10575.791700165059,1.0,0.9,1.05,0.37349999999999994,0.13125,10.0,0.037349999999999994,100.0,11352.0
108.0,775.4203634864833,0.762246044948964,10575.817390468561,1.0,0.9,1.05,0.37349999999999994,0.13125,10.0,0.037349999999999994,100.0,11352.0
108.25,775.4155017589726,0.7420965741098079,10575.84240166691,1.0,0.9,1.05,0.37349999999999994,0.13125,10.0,0.037349999999999994,100.0,11352.0
108.5,775.4107685776944,0.7224797115500531,10575.866751710748,1.0,0.9,1.05,0.37349999999999994,0.13125,10.0,0.037349999999999994,100.0,11352.0
108.75,775.4061605432548,0.7033813804544077,10575.890458076283,1.0,0.9,1.05,0.37349999999999994,0.13125,10.0,0.037349999999999994,100.0,11352.0
109.0,775.4016743461866,0.68478787597644,10575.91353777783,1.0,0.9,1.05,0.37349999999999994,0.13125,10.0,0.037349999999999994,100.0,11352.0
109.25,775.3973067645687,0.6666858554138086,10575.936007380009,1.0,0.9,1.05,0.37349999999999994,0.13125,10.0,0.037349999999999994,100.0,11352.0
109.5,775.393054661709,0.6490623286427725,10575.95788300964,1.0,0.9,1.05,0.37349999999999994,0.13125,10.0,0.037349999999999994,100.0,11352.0
109.75,775.3889149838881,0.6319046488051503,10575.979180367298,1.0,0.9,1.05,0.37349999999999994,0.13125,10.0,0.037349999999999994,100.0,11352.0
110.0,775.3848847581633,0.6152005032410782,10575.999914738586,1.0,0.9,1.05,0.37349999999999994,0.13125,10.0,0.037349999999999994,100.0,11352.0
110.25,775.3809610902307,0.5989379046610873,10576.020101005099,1.0,0.9,1.05,0.37349999999999994,0.13125,10.0,0.037349999999999994,100.0,11352.0
110.5,775.377141162344,0.5831051825511958,10576.039753655095,1.0,0.9,1.05,0.37349999999999994,0.13125,10.0,0.037349999999999994,100.0,11352.0
110.75,775.3734222312878,0.5676909748048734,10576.058886793899,1.0,0.9,1.05,0.37349999999999994,0.13125,10.0,0.037349999999999994,100.0,11352.0
111.0,775.369801626406,0.5526842195758989,10576.077514154009,1.0,0.9,1.05,0.37349999999999994,0.13125,10.0,0.037349999999999994,100.0,11352.0
111.25,775.3662767476808,0.5380741473462879,10576.095649104964,1.0,0.9,1.05,0.37349999999999994,0.13125,10.0,0.037349999999999994,100.0,11352.0
111.5,775.3628450638637,0.5238502732036217,10576.113304662924,1.0,0.9,1.05,0.37349999999999994,0.13125,10.0,0.037349999999999994,100.0,11352.0
111.75,775.3595041106555,0.5100023893222555,10576.130493500013,1.0,0.9,1.05,0.37349999999999994,0.13125,10.0,0.037349999999999994,100.0,11352.0
112.0,775.3562514889351,0.4965205576430325,10576.147227953414,1.0,0.9,1.05,0.37349999999999994,0.13125,10.0,0.037349999999999994,100.0,11352.0
112.25,775.3530848630342,0.4833951027462678,10576.163520034212,1.0,0.9,1.05,0.37349999999999994,0.13125,10.0,0.037349999999999994,100.0,11352.0
112.5,775.3500019590587,0.4706166049129073,10576.17938143602,1.0,0.9,1.05,0.37349999999999994,0.13125,10.0,0.037349999999999994,100.0,11352.0
112.75,775.3470005632539,0.45817589336889847,10576.19482354337,1.0,0.9,1.05,0.37349999999999994,0.13125,10.0,0.037349999999999994,100.0,11352.0
113.0,775.3440785204137,0.4460640397079415,10576.209857439871,1.0,0.9,1.05,0.37349999999999994,0.13125,10.0,0.037349999999999994,100.0,11352.0
113.25,775.3412337323308,0.43427235148791593,10576.224493916174,1.0,0.9,1.05,0.37349999999999994,0.13125,10.0,0.037349999999999994,100.0,11352.0
113.5,775.3384641562891,0.42279236599640213,10576.238743477707,1.0,0.9,1.05,0.37349999999999994,0.13125,10.0,0.037349999999999994,100.0,11352.0
113.75,775.3357678035954,0.4116158441808375,10576.252616352216,1.0,0.9,1.05,0.37349999999999994,0.13125,10.0,0.037349999999999994,100.0,11352.0
114.0,775.3331427381502,0.400734764738964,10576.266122497103,1.0,0.9,1.05,0.37349999999999994,0.13125,10.0,0.037349999999999994,100.0,11352.0
114.25,775.3305870750557,0.3901413183653386,10576.27927160657,1.0,0.9,1.05,0.37349999999999994,0.13125,10.0,0.037349999999999994,100.0,11352.0
114.5,775.3280989792624,0.37982790214978984,10576.292073118579,1.0,0.9,1.05,0.37349999999999994,0.13125,10.0,0.037349999999999994,100.0,11352.0
114.75,775.3256766642492,0.36978711412381104,10576.304536221618,1.0,0.9,1.05,0.37349999999999994,0.13125,10.0,0.037349999999999994,100.0,11352.0
115.0,775.3233183907398,0.3600117479509873,10576.3166698613,1.0,0.9,1.05,0.37349999999999994,0.13125,10.0,0.037349999999999994,100.0,11352.0
115.25,775.3210224654536,0.35049478775765536,10576.32848274678,1.0,0.9,1.05,0.37349999999999994,0.13125,10.0,0.037349999999999994,100.0,11352.0
115.5,775.3187872398878,0.3412294031000965,10576.339983357004,1.0,0.9,1.05,0.37349999999999994,0.13125,10.0,0.037349999999999994,100.0,11352.0
115.75,775.316611109134,0.33220894406465884,10576.351179946792,1.0,0.9,1.05,0.37349999999999994,0.13125,10.0,0.037349999999999994,100.0,11352.0
116.0,775.3144925107242,0.3234269364973019,10576.36208055277,1.0,0.9,1.05,0.37349999999999994,0.13125,10.0,0.037349999999999994,100.0,11352.0
116.25,775.3124299235086,0.3148770773591469,10576.372692999124,1.0,0.9,1.05,0.37349999999999994,0.13125,10.0,0.037349999999999994,100.0,11352.0
116.5,775.3104218665623,0.30655323020470776,10576.383024903225,1.0,0.9,1.05,0.37349999999999994,0.13125,10.0,0.037349999999999994,100.0,11352.0
116.75,775.3084668981213,0.29844942077956477,10576.39308368109,1.0,0.9,1.05,0.37349999999999994,0.13125,10.0,0.037349999999999994,100.0,11352.0
117.0,775.3065636145473,0.2905598327343281,10576.40287655271,1.0,0.9,1.05,0.37349999999999994,0.13125,10.0,0.037349999999999994,100.0,11352.0
117.25,775.3047106493182,0.28287880345182176,10576.41241054722,1.0,0.9,1.05,0.37349999999999994,0.13125,10.0,0.037349999999999994,100.0,11352.0
117.5,775.3029066720472,0.27540081998449906,10576.421692507958,1.0,0.9,1.05,0.37349999999999994,0.13125,10.0,0.037349999999999994,100.0,11352.0
117.75,775.3011503875268,0.2681205150991801,10576.430729097365,1.0,0.9,1.05,0.37349999999999994,0.13125,10.0,0.037349999999999994,100.0,11352.0
118.0,775.299440534798,0.261032663426278,10576.439526801767,1.0,0.9,1.05,0.37349999999999994,0.13125,10.0,0.037349999999999994,100.0,11352.0
118.25,775.2977758862448,0.254132177710755,10576.448091936036,1.0,0.9,1.05,0.37349999999999994,0.13125,10.0,0.037349999999999994,100.0,11352.0
118.5,775.2961552467124,0.24741410516212314,10576.456430648117,1.0,0.9,1.05,0.37349999999999994,0.13125,10.0,0.037349999999999994,100.0,11352.0
118.75,775.294577452648,0.24087362390087436,10576.464548923443,1.0,0.9,1.05,0.37349999999999994,0.13125,10.0,0.037349999999999994,100.0,11352.0
119.0,775.2930413712659,0.23450603949879417,10576.472452589227,1.0,0.9,1.05,0.37349999999999994,0.13125,10.0,0.037349999999999994,100.0,11352.0
119.25,775.2915458997329,0.22830678161067983,10576.480147318649,1.0,0.9,1.05,0.37349999999999994,0.13125,10.0,0.037349999999999994,100.0,11352.0
119.5,775.290089964377,0.22227140069504958,10576.48763863492,1.0,0.9,1.05,0.37349999999999994,0.13125,10.0,0.037349999999999994,100.0,11352.0
119.75,775.2886725199153,0.21639556482149347,10576.494931915257,1.0,0.9,1.05,0.37349999999999994,0.13125,10.0,0.037349999999999994,100.0,11352.0
120.0,775.2872925487037,0.21067505656237726,10576.502032394726,1.0,0.9,1.05,0.37349999999999994,0.13125,10.0,0.037349999999999994,100.0,11352.0
