t,S,I,R,scale_contact,scale_infection_prob,scale_gamma,beta,gamma,contact_rate,infection_prob,I0,N
0.0,11351.0,1.0,0.0,1.0,1.05,0.95,0.43574999999999997,0.11875,10.0,0.043574999999999996,1.0,11352.0
0.25,11350.891072096327,1.0792404036733616,0.0296875,1.0,1.05,0.95,0.43574999999999997,0.11875,10.0,0.043574999999999996,1.0,11352.0
0.5,11350.773513829734,1.164758720782689,0.06172744948405292,1.0,1.05,0.95,0.43574999999999997,0.11875,10.0,0.043574999999999996,1.0,11352.0
0.75,11350.646641635522,1.257052140471894,0.096306224007289,1.0,1.05,0.95,0.43574999999999997,0.11875,10.0,0.043574999999999996,1.0,11352.0
1.0,11350.509717843643,1.3566571969300911,0.13362495942754835,1.0,1.05,0.95,0.43574999999999997,0.11875,10.0,0.043574999999999996,1.0,11352.0
1.25,11350.361946402125,1.464152877914287,0.17390071996141043,1.0,1.05,0.95,0.43574999999999997,0.11875,10.0,0.043574999999999996,1.0,11352.0
1.5,11350.202468263442,1.5801639780345016,0.21736775852449083,1.0,1.05,0.95,0.43574999999999997,0.11875,10.0,0.043574999999999996,1.0,11352.0
1.75,11350.030356407442,1.7053647159364982,0.2642788766223901,1.0,1.05,0.95,0.43574999999999997,0.11875,10.0,0.043574999999999996,1.0,11352.0
2.0,11349.844610472384,1.8404826359905597,0.3149068916267549,1.0,1.05,0.95,0.43574999999999997,0.11875,10.0,0.043574999999999996,1.0,11352.0
2.25,11349.64415096344,1.9863028166776848,0.3695462198827246,1.0,1.05,0.95,0.43574999999999997,0.11875,10.0,0.043574999999999996,1.0,11352.0
2.5,11349.427813005683,2.143672409564689,0.4285145847528434,1.0,1.05,0.95,0.43574999999999997,0.11875,10.0,0.043574999999999996,1.0,11352.0
2.75,11349.194339606003,2.3135055345849325,0.49215485941179504,1.0,1.05,0.95,0.43574999999999997,0.11875,10.0,0.043574999999999996,1.0,11352.0
3.0,11348.94237438573,2.496788559300094,0.5608370549697852,1.0,1.05,0.95,0.43574999999999997,0.11875,10.0,0.043574999999999996,1.0,11352.0
3.25,11348.670453742756,2.6945857919193044,0.6349604653240067,1.0,1.05,0.95,0.43574999999999997,0.11875,10.0,0.043574999999999996,1.0,11352.0
3.5,11348.376998398873,2.9080456201042155,0.7149559810216111,1.0,1.05,0.95,0.43574999999999997,0.11875,10.0,0.043574999999999996,1.0,11352.0
3.75,11348.060304284629,3.1384071300016725,0.8012885853684549,1.0,1.05,0.95,0.43574999999999997,0.11875,10.0,0.043574999999999996,1.0,11352.0
4.0,11347.718532710429,3.3870072425295206,0.8944600470403796,1.0,1.05,0.95,0.43574999999999997,0.11875,10.0,0.043574999999999996,1.0,11352.0
4.25,11347.34969976874,3.6552884067058287,0.9950118245529748,1.0,1.05,0.95,0.43574999999999997,0.11875,10.0,0.043574999999999996,1.0,11352.0
4.5,11346.951664908103,3.9448068927679363,1.103528199127054,1.0,1.05,0.95,0.43574999999999997,0.11875,10.0,0.043574999999999996,1.0,11352.0
4.75,11346.522118615256,4.257241730985866,1.2206396537561022,1.0,1.05,0.95,0.43574999999999997,0.11875,10.0,0.043574999999999996,1.0,11352.0
5.0,11346.058569136907,4.594404345445536,1.3470265176447451,1.0,1.05,0.95,0.43574999999999997,0.11875,10.0,0.043574999999999996,1.0,11352.0
5.25,11345.558328167675,4.958248935671632,1.4834228966501595,1.0,1.05,0.95,0.43574999999999997,0.11875,10.0,0.043574999999999996,1.0,11352.0
5.5,11345.01849542528,5.350883662788554,1.630620911927911,1.0,1.05,0.95,0.43574999999999997,0.11875,10.0,0.043574999999999996,1.0,11352.0
5.75,11344.435942028338,5.77458270099092,1.7894752706669461,1.0,1.05,0.95,0.43574999999999997,0.11875,10.0,0.043574999999999996,1.0,11352.0
6.0,11343.80729258597,6.231799219422431,1.9609081946026141,1.0,1.05,0.95,0.43574999999999997,0.11875,10.0,0.043574999999999996,1.0,11352.0
6.25,11343.128905901915,6.725179364152652,2.1459147339292177,1.0,1.05,0.95,0.43574999999999997,0.11875,10.0,0.043574999999999996,1.0,11352.0
6.5,11342.39685418889,7.25757731480332,2.3455684963024996,1.0,1.05,0.95,0.43574999999999997,0.11875,10.0,0.043574999999999996,1.0,11352.0
6.75,11341.606900681643,7.832071495515901,2.5610278228357233,1.0,1.05,0.95,0.43574999999999997,0.11875,10.0,0.043574999999999996,1.0,11352.0
7.0,11340.754475529262,8.451982025374871,2.7935424453588515,1.0,1.05,0.95,0.43574999999999997,0.11875,10.0,0.043574999999999996,1.0,11352.0
7.25,11339.83464983915,9.120889499109065,3.044460661737168,1.0,1.05,0.95,0.43574999999999997,0.11875,10.0,0.043574999999999996,1.0,11352.0
7.5,11338.842107736367,9.842655194885761,3.3152370687419683,1.0,1.05,0.95,0.43574999999999997,0.11875,10.0,0.043574999999999996,1.0,11352.0
7.75,11337.77111629287,10.621442812284586,3.6074408948401393,1.0,1.05,0.95,0.43574999999999997,0.11875,10.0,0.043574999999999996,1.0,11352.0
8.0,11336.615493171583,11.461741850082,3.922764978329838,1.0,1.05,0.95,0.43574999999999997,0.11875,10.0,0.043574999999999996,1.0,11352.0
8.25,11335.368571820212,12.36839274027748,4.263035439504147,1.0,1.05,0.95,0.43574999999999997,0.11875,10.0,0.043574999999999996,1.0,11352.0
8.5,11334.023164039185,13.34661386182839,4.630222098981135,1.0,1.05,0.95,0.43574999999999997,0.11875,10.0,0.043574999999999996,1.0,11352.0
8.75,11332.571519737188,14.402030564802454,5.026449698004165,1.0,1.05,0.95,0.43574999999999997,0.11875,10.0,0.043574999999999996,1.0,11352.0
9.0,11331.005283676532,15.540706343065645,5.454009980396738,1.0,1.05,0.95,0.43574999999999997,0.11875,10.0,0.043574999999999996,1.0,11352.0
9.25,11329.31544899889,16.769176301148324,5.9153746999565,1.0,1.05,0.95,0.43574999999999997,0.11875,10.0,0.043574999999999996,1.0,11352.0
9.5,11327.492307310089,18.09448306850911,6.413209621396841,1.0,1.05,0.95,0.43574999999999997,0.11875,10.0,0.043574999999999996,1.0,11352.0
9.75,11325.525395090539,19.52421532196334,6.950389587493205,1.0,1.05,0.95,0.43574999999999997,0.11875,10.0,0.043574999999999996,1.0,11352.0
10.0,11323.40343618567,21.06654908446096,7.530014729863991,1.0,1.05,0.95,0.43574999999999997,0.11875,10.0,0.043574999999999996,1.0,11352.0
10.25,11321.114280118622,22.730291975564715,8.155427905808926,1.0,1.05,0.95,0.43574999999999997,0.11875,10.0,0.043574999999999996,1.0,11352.0
10.5,11318.644835955416,24.524930595744717,8.830233448833503,1.0,1.05,0.95,0.43574999999999997,0.11875,10.0,0.043574999999999996,1.0,11352.0
10.75,11315.981001441309,26.460681232789987,9.558317325894675,1.0,1.05,0.95,0.43574999999999997,0.11875,10.0,0.043574999999999996,1.0,11352.0
11.0,11313.107587115974,28.5485440840264,10.343868799993128,1.0,1.05,0.95,0.43574999999999997,0.11875,10.0,0.043574999999999996,1.0,11352.0
11.25,11310.008235105139,30.8003611923667,11.191403702487662,1.0,1.05,0.95,0.43574999999999997,0.11875,10.0,0.043574999999999996,1.0,11352.0
11.5,11306.66533227741,33.22887829719791,12.105789425386048,1.0,1.05,0.95,0.43574999999999997,0.11875,10.0,0.043574999999999996,1.0,11352.0
11.75,11303.059917447783,35.847810802375264,13.092271749834111,1.0,1.05,0.95,0.43574999999999997,0.11875,10.0,0.043574999999999996,1.0,11352.0
12.0,11299.171582304245,38.67191406271808,14.156503633029628,1.0,1.05,0.95,0.43574999999999997,0.11875,10.0,0.043574999999999996,1.0,11352.0
12.25,11294.97836573133,41.71705818689771,15.304576081766571,1.0,1.05,0.95,0.43574999999999997,0.11875,10.0,0.043574999999999996,1.0,11352.0
12.5,11290.456641205406,45.0003075478962,16.543051246690098,1.0,1.05,0.95,0.43574999999999997,0.11875,10.0,0.043574999999999996,1.0,11352.0
12.75,11285.580996941346,48.54000518162822,17.878997877018268,1.0,1.05,0.95,0.43574999999999997,0.11875,10.0,0.043574999999999996,1.0,11352.0
13.0,11280.324108480057,52.35586223908655,19.320029280847855,1.0,1.05,0.95,0.43574999999999997,0.11875,10.0,0.043574999999999996,1.0,11352.0
13.25,11274.656603422318,56.46905263660376,20.874343941070737,1.0,1.05,0.95,0.43574999999999997,0.11875,10.0,0.043574999999999996,1.0,11352.0
13.5,11268.546918037273,60.902313021500255,22.55076894121991,1.0,1.05,0.95,0.43574999999999997,0.11875,10.0,0.043574999999999996,1.0,11352.0
13.75,11261.9611455056,65.68004813534672,24.3588063590457,1.0,1.05,0.95,0.43574999999999997,0.11875,10.0,0.043574999999999996,1.0,11352.0
14.0,11254.862875598945,70.82844161298425,26.308682788063805,1.0,1.05,0.95,0.43574999999999997,0.11875,10.0,0.043574999999999996,1.0,11352.0
14.25,11247.213025650724,76.37557220081857,28.411402148449277,1.0,1.05,0.95,0.43574999999999997,0.11875,10.0,0.043574999999999996,1.0,11352.0
14.5,11238.96966274078,82.35153531105112,30.678801948161077,1.0,1.05,0.95,0.43574999999999997,0.11875,10.0,0.043574999999999996,1.0,11352.0
14.75,11230.087817099744,88.78856974753954,33.123613152707904,1.0,1.05,0.95,0.43574999999999997,0.11875,10.0,0.043574999999999996,1.0,11352.0
15.0,11220.519286841109,95.72118934179386,35.75952381708798,1.0,1.05,0.95,0.43574999999999997,0.11875,10.0,0.043574999999999996,1.0,11352.0
15.25,11210.212434252426,103.18631912189147,38.60124662567249,1.0,1.05,0.95,0.43574999999999997,0.11875,10.0,0.043574999999999996,1.0,11352.0
15.5,11199.111974025098,111.2234355002883,41.66459047460364,1.0,1.05,0.95,0.43574999999999997,0.11875,10.0,0.043574999999999996,1.0,11352.0
15.75,11187.158753978118,119.87470980585297,44.966536216018454,1.0,1.05,0.95,0.43574999999999997,0.11875,10.0,0.043574999999999996,1.0,11352.0
16.0,11174.289529038626,129.18515429798305,48.52531666337971,1.0,1.05,0.95,0.43574999999999997,0.11875,10.0,0.043574999999999996,1.0,11352.0
16.25,11160.436729485162,139.20276958322543,52.36050093160108,1.0,1.05,0.95,0.43574999999999997,0.11875,10.0,0.043574999999999996,1.0,11352.0
16.5,11145.528224742264,149.9786921041222,56.49308315360309,1.0,1.05,0.95,0.43574999999999997,0.11875,10.0,0.043574999999999996,1.0,11352.0
16.75,11129.487084341883,161.5673400826623,60.94557557544422,1.0,1.05,0.95,0.43574999999999997,0.11875,10.0,0.043574999999999996,1.0,11352.0
17.0,11112.231338042471,174.02655597336943,65.74210598414825,1.0,1.05,0.95,0.43574999999999997,0.11875,10.0,0.043574999999999996,1.0,11352.0
17.25,11093.67373752494,187.41774311044253,70.90851936460766,1.0,1.05,0.95,0.43574999999999997,0.11875,10.0,0.043574999999999996,1.0,11352.0
17.5,11073.721522570275,201.80599381651544,76.47248361319892,1.0,1.05,0.95,0.43574999999999997,0.11875,10.0,0.043574999999999996,1.0,11352.0
17.75,11052.276195170356,217.26020577500663,82.46359905462671,1.0,1.05,0.95,0.43574999999999997,0.11875,10.0,0.043574999999999996,1.0,11352.0
18.0,11029.233305634507,233.85318295191104,88.91351141357222,1.0,1.05,0.95,0.43574999999999997,0.11875,10.0,0.043574999999999996,1.0,11352.0
18.25,11004.482255432038,251.66171678549577,95.85602778245708,1.0,1.05,0.95,0.43574999999999997,0.11875,10.0,0.043574999999999996,1.0,11352.0
18.5,10977.906122256092,270.7666427443731,103.32723499952648,1.0,1.05,0.95,0.43574999999999997,0.11875,10.0,0.043574999999999996,1.0,11352.0
18.75,10949.381513605606,291.2528666883863,111.36561970600006,1.0,1.05,0.95,0.43574999999999997,0.11875,10.0,0.043574999999999996,1.0,11352.0
19.0,10918.778456056554,313.20935475762553,120.01218918581154,1.0,1.05,0.95,0.43574999999999997,0.11875,10.0,0.043574999999999996,1.0,11352.0
19.25,10885.960328324103,336.7290797707087,129.31059190517854,1.0,1.05,0.95,0.43574999999999997,0.11875,10.0,0.043574999999999996,1.0,11352.0
19.5,10850.783847193117,361.9089163460023,139.30723646087145,1.0,1.05,0.95,0.43574999999999997,0.11875,10.0,0.043574999999999996,1.0,11352.0
19.75,10813.099116400037,388.84947618506,150.0514074148934,1.0,1.05,0.95,0.43574999999999997,0.11875,10.0,0.043574999999999996,1.0,11352.0
20.0,10772.749749562861,417.65487419799126,161.59537623913735,1.0,1.05,0.95,0.43574999999999997,0.11875,10.0,0.043574999999999996,1.0,11352.0
20.25,10729.573079249287,448.43241543381345,173.9945053168902,1.0,1.05,0.95,0.43574999999999997,0.11875,10.0,0.043574999999999996,1.0,11352.0
20.5,10683.400465209526,481.29219214038324,187.30734265008155,1.0,1.05,0.95,0.43574999999999997,0.11875,10.0,0.043574999999999996,1.0,11352.0
20.75,10634.05771563418,516.3465797615607,201.5957046042492,1.0,1.05,0.95,0.43574999999999997,0.11875,10.0,0.043574999999999996,1.0,11352.0
21.0,10581.365635973203,553.7096203358667,216.92474369092054,1.0,1.05,0.95,0.43574999999999997,0.11875,10.0,0.043574999999999996,1.0,11352.0
21.25,10525.140720303143,593.4962816522064,233.36299804464159,1.0,1.05,0.95,0.43574999999999997,0.11875,10.0,0.043574999999999996,1.0,11352.0
21.5,10465.196000379225,635.8215807145751,250.98241890619147,1.0,1.05,0.95,0.43574999999999997,0.11875,10.0,0.043574999999999996,1.0,11352.0
21.75,10401.342067268366,680.7995606479702,269.8583720836554,1.0,1.05,0.95,0.43574999999999997,0.11875,10.0,0.043574999999999996,1.0,11352.0
22.0,10333.388279731269,728.5421112283301,290.06960904039204,1.0,1.05,0.95,0.43574999999999997,0.11875,10.0,0.043574999999999996,1.0,11352.0
22.25,10261.144172200897,779.1576248316105,311.6982029674831,1.0,1.05,0.95,0.43574999999999997,0.11875,10.0,0.043574999999999996,1.0,11352.0
22.5,10184.421073181076,832.7494818642423,334.82944495467154,1.0,1.05,0.95,0.43574999999999997,0.11875,10.0,0.043574999999999996,1.0,11352.0
22.75,10103.033942053244,889.4143627492301,359.5516951975162,1.0,1.05,0.95,0.43574999999999997,0.11875,10.0,0.043574999999999996,1.0,11352.0
23.0,10016.803428528694,949.2403873796627,385.956184091634,1.0,1.05,0.95,0.43574999999999997,0.11875,10.0,0.043574999999999996,1.0,11352.0
23.25,9925.55815423046,1012.3050876775626,414.13675809196775,1.0,1.05,0.95,0.43574999999999997,0.11875,10.0,0.043574999999999996,1.0,11352.0
23.5,9829.137210070736,1078.6732245468606,444.18956538239536,1.0,1.05,0.95,0.43574999999999997,0.11875,10.0,0.043574999999999996,1.0,11352.0
23.75,9727.392856181148,1148.3944670827136,476.2126767361303,1.0,1.05,0.95,0.43574999999999997,0.11875,10.0,0.043574999999999996,1.0,11352.0
24.0,9620.193403179386,1221.5009593429565,510.30563747764836,1.0,1.05,0.95,0.43574999999999997,0.11875,10.0,0.043574999999999996,1.0,11352.0
24.25,9507.426244605802,1298.0048081860473,546.5689472081424,1.0,1.05,0.95,0.43574999999999997,0.11875,10.0,0.043574999999999996,1.0,11352.0
24.5,9389.001000605025,1377.8955344438011,585.1034649511656,1.0,1.05,0.95,0.43574999999999997,0.11875,10.0,0.043574999999999996,1.0,11352.0
24.75,9264.852722617241,1461.137538752785,626.009738629966,1.0,1.05,0.95,0.43574999999999997,0.11875,10.0,0.043574999999999996,1.0,11352.0
25.0,9134.945098336675,1547.6676423516278,669.3872593116894,1.0,1.05,0.95,0.43574999999999997,0.11875,10.0,0.043574999999999996,1.0,11352.0
25.25,8999.273585947523,1637.392771608466,715.3336424440033,1.0,1.05,0.95,0.43574999999999997,0.11875,10.0,0.043574999999999996,1.0,11352.0
25.5,8857.868397212938,1730.1878624359244,763.9437403511297,1.0,1.05,0.95,0.43574999999999997,0.11875,10.0,0.043574999999999996,1.0,11352.0
25.75,8710.79724100626,1825.8940664765375,815.3086925171962,1.0,1.05,0.95,0.43574999999999997,0.11875,10.0,0.043574999999999996,1.0,11352.0
26.0,8558.167733027862,1924.3173443564124,869.5149226157183,1.0,1.05,0.95,0.43574999999999997,0.11875,10.0,0.043574999999999996,1.0,11352.0
26.25,8400.129374457909,2025.2275317657836,926.6430937762993,1.0,1.05,0.95,0.43574999999999997,0.11875,10.0,0.043574999999999996,1.0,11352.0
26.5,8236.875002836996,2128.357961037401,986.7670361255961,1.0,1.05,0.95,0.43574999999999997,0.11875,10.0,0.043574999999999996,1.0,11352.0
26.75,8068.641623136711,2233.405713769388,1049.952663093894,1.0,1.05,0.95,0.43574999999999997,0.11875,10.0,0.043574999999999996,1.0,11352.0
27.0,7895.7105362194825,2340.032568559088,1116.2568952214226,1.0,1.05,0.95,0.43574999999999997,0.11875,10.0,0.043574999999999996,1.0,11352.0
27.25,7718.406695910377,2447.866691989096,1185.7266121005205,1.0,1.05,0.95,0.43574999999999997,0.11875,10.0,0.043574999999999996,1.0,11352.0
27.5,7537.0972446512915,2556.5051008297546,1258.3976545189466,1.0,1.05,0.95,0.43574999999999997,0.11875,10.0,0.043574999999999996,1.0,11352.0
27.75,7352.189200792875,2665.5168995072872,1334.29389969983,1.0,1.05,0.95,0.43574999999999997,0.11875,10.0,0.043574999999999996,1.0,11352.0
28.0,7164.126297265617,2774.4472700804236,1413.4264326539526,1.0,1.05,0.95,0.43574999999999997,0.11875,10.0,0.043574999999999996,1.0,11352.0
28.25,6973.385000581144,2882.822163434384,1495.7928359844652,1.0,1.05,0.95,0.43574999999999997,0.11875,10.0,0.043574999999999996,1.0,11352.0
28.5,6780.469769468914,2990.1536115696554,1581.3766189614234,1.0,1.05,0.95,0.43574999999999997,0.11875,10.0,0.043574999999999996,1.0,11352.0
28.75,6585.907642348591,3095.9455533465034,1670.1468043048976,1.0,1.05,0.95,0.43574999999999997,0.11875,10.0,0.043574999999999996,1.0,11352.0
29.0,6390.242270554088,3199.7000415260322,1762.057687919872,1.0,1.05,0.95,0.43574999999999997,0.11875,10.0,0.043574999999999996,1.0,11352.0
29.25,6194.027538056047,3300.9236790412688,1857.048782902676,1.0,1.05,0.95,0.43574999999999997,0.11875,10.0,0.043574999999999996,1.0,11352.0
29.5,5997.820926828003,3399.134118547775,1955.0449546242137,1.0,1.05,0.95,0.43574999999999997,0.11875,10.0,0.043574999999999996,1.0,11352.0
29.75,5802.176798716953,3493.8664525144386,2055.956748768601,1.0,1.05,0.95,0.43574999999999997,0.11875,10.0,0.043574999999999996,1.0,11352.0
30.0,5607.639768876613,3584.6793220457566,2159.6809090776233,1.0,1.05,0.95,0.43574999999999997,0.11875,10.0,0.043574999999999996,1.0,11352.0
30.25,5414.738342165303,3671.1605813838337,2266.1010764508565,1.0,1.05,0.95,0.43574999999999997,0.11875,10.0,0.043574999999999996,1.0,11352.0
30.5,5223.978972600789,3752.932371188515,2375.088656210689,1.0,1.05,0.95,0.43574999999999997,0.11875,10.0,0.043574999999999996,1.0,11352.0
30.75,5035.840687724533,3829.6554762951114,2486.503835980348,1.0,1.05,0.95,0.43574999999999997,0.11875,10.0,0.043574999999999996,1.0,11352.0
31.0,4850.770395738308,3901.0328713288254,2600.196732932859,1.0,1.05,0.95,0.43574999999999997,0.11875,10.0,0.043574999999999996,1.0,11352.0
31.25,4669.1789650682085,3966.81238863135,2716.0086463004336,1.0,1.05,0.95,0.43574999999999997,0.11875,10.0,0.043574999999999996,1.0,11352.0
31.5,4491.438135329215,4026.7884755828513,2833.7733890879267,1.0,1.05,0.95,0.43574999999999997,0.11875,10.0,0.043574999999999996,1.0,11352.0
31.75,4317.878287315182,4080.8030407280185,2953.3186719567925,1.0,1.05,0.95,0.43574999999999997,0.11875,10.0,0.043574999999999996,1.0,11352.0
32.0,4148.787069348438,4128.745418423149,3074.4675122284057,1.0,1.05,0.95,0.43574999999999997,0.11875,10.0,0.043574999999999996,1.0,11352.0
32.25,3984.4088496030595,4170.5515085590905,3197.0396418378427,1.0,1.05,0.95,0.43574999999999997,0.11875,10.0,0.043574999999999996,1.0,11352.0
32.5,3824.944940072358,4206.202170179444,3320.8528897481906,1.0,1.05,0.95,0.43574999999999997,0.11875,10.0,0.043574999999999996,1.0,11352.0
32.75,3670.5545185243545,4235.7209648002445,3445.724516675393,1.0,1.05,0.95,0.43574999999999997,0.11875,10.0,0.043574999999999996,1.0,11352.0
33.0,3521.3561605346454,4259.171356647446,3571.4724828179,1.0,1.05,0.95,0.43574999999999997,0.11875,10.0,0.043574999999999996,1.0,11352.0
33.25,3377.4298845917383,4276.653482939882,3697.916632468371,1.0,1.05,0.95,0.43574999999999997,0.11875,10.0,0.043574999999999996,1.0,11352.0
33.5,3238.819609101392,4288.300608155451,3824.879782743149,1.0,1.05,0.95,0.43574999999999997,0.11875,10.0,0.043574999999999996,1.0,11352.0
33.75,3105.5359203830994,4294.275372569129,3952.188707047764,1.0,1.05,0.95,0.43574999999999997,0.11875,10.0,0.043574999999999996,1.0,11352.0
34.0,2977.559054782728,4294.765938046355,4079.6750071709102,1.0,1.05,0.95,0.43574999999999997,0.11875,10.0,0.043574999999999996,1.0,11352.0
34.25,2854.842005045869,4289.982123997463,4207.175870956661,1.0,1.05,0.95,0.43574999999999997,0.11875,10.0,0.043574999999999996,1.0,11352.0
34.5,2737.3136702994184,4280.151614437738,4334.534715262836,1.0,1.05,0.95,0.43574999999999997,0.11875,10.0,0.043574999999999996,1.0,11352.0
34.75,2624.8819795932413,4265.516304090295,4461.601716316456,1.0,1.05,0.95,0.43574999999999997,0.11875,10.0,0.043574999999999996,1.0,11352.0
35.0,2517.4369302500268,4246.3288381558295,4588.234231594137,1.0,1.05,0.95,0.43574999999999997,0.11875,10.0,0.043574999999999996,1.0,11352.0
35.25,2414.8534936513965,4222.849387371709,4714.297118976888,1.0,1.05,0.95,0.43574999999999997,0.11875,10.0,0.043574999999999996,1.0,11352.0
35.5,2316.994352061379,4195.3426877741285,4839.662960164485,1.0,1.05,0.95,0.43574999999999997,0.11875,10.0,0.043574999999999996,1.0,11352.0
35.75,2223.7124402851064,4164.075363507107,4964.21219620778,1.0,1.05,0.95,0.43574999999999997,0.11875,10.0,0.043574999999999996,1.0,11352.0
36.0,2134.853275127616,4129.31354131048,5087.833183561897,1.0,1.05,0.95,0.43574999999999997,0.11875,10.0,0.043574999999999996,1.0,11352.0
36.25,2050.2570636053997,4091.320757075042,5210.422179319552,1.0,1.05,0.95,0.43574999999999997,0.11875,10.0,0.043574999999999996,1.0,11352.0
36.5,1969.7605876102657,4050.3561480945104,5331.8832642952175,1.0,1.05,0.95,0.43574999999999997,0.11875,10.0,0.043574999999999996,1.0,11352.0
36.75,1893.1988682398712,4006.672919318349,5452.128212441773,1.0,1.05,0.95,0.43574999999999997,0.11875,10.0,0.043574999999999996,1.0,11352.0
37.0,1820.406617353449,3960.517067912508,5571.076314734037,1.0,1.05,0.95,0.43574999999999997,0.11875,10.0,0.043574999999999996,1.0,11352.0
37.25,1751.2194871828506,3912.126347629454,5688.65416518769,1.0,1.05,0.95,0.43574999999999997,0.11875,10.0,0.043574999999999996,1.0,11352.0
37.5,1685.4751311484856,3861.7294527185695,5804.795416132939,1.0,1.05,0.95,0.43574999999999997,0.11875,10.0,0.043574999999999996,1.0,11352.0
37.75,1623.0140905282979,3809.5454002111746,5919.440509260521,1.0,1.05,0.95,0.43574999999999997,0.11875,10.0,0.043574999999999996,1.0,11352.0
38.0,1563.680522438445,3755.783089232258,6032.53638832929,1.0,1.05,0.95,0.43574999999999997,0.11875,10.0,0.043574999999999996,1.0,11352.0
38.25,1507.3227848346837,3700.6410163744367,6144.036198790873,1.0,1.05,0.95,0.43574999999999997,0.11875,10.0,0.043574999999999996,1.0,11352.0
38.5,1453.7938940518159,3644.3071269836887,6253.898978964488,1.0,1.05,0.95,0.43574999999999997,0.11875,10.0,0.043574999999999996,1.0,11352.0
38.75,1402.9518698707388,3586.9587833324376,6362.089346796816,1.0,1.05,0.95,0.43574999999999997,0.11875,10.0,0.043574999999999996,1.0,11352.0
39.0,1354.6599823307179,3528.762831992277,6468.577185676998,1.0,1.05,0.95,0.43574999999999997,0.11875,10.0,0.043574999999999996,1.0,11352.0
39.25,1308.7869135664391,3469.875754181785,6573.337332251769,1.0,1.05,0.95,0.43574999999999997,0.11875,10.0,0.043574999999999996,1.0,11352.0
39.5,1265.2068469096598,3410.443884386292,6676.349268704041,1.0,1.05,0.95,0.43574999999999997,0.11875,10.0,0.043574999999999996,1.0,11352.0
39.75,1223.799494405712,3350.603684072522,6777.596821521759,1.0,1.05,0.95,0.43574999999999997,0.11875,10.0,0.043574999999999996,1.0,11352.0
40.0,1184.4500727963502,3290.4820588109806,6877.067868392662,1.0,1.05,0.95,0.43574999999999997,0.11875,10.0,0.043574999999999996,1.0,11352.0
40.25,1147.049236943277,3230.196708543103,6974.754054513613,1.0,1.05,0.95,0.43574999999999997,0.11875,10.0,0.043574999999999996,1.0,11352.0
40.5,1111.4929786335829,3169.8565020679234,7070.650519298486,1.0,1.05,0.95,0.43574999999999997,0.11875,10.0,0.043574999999999996,1.0,11352.0
40.75,1077.6824977348392,3109.5618680615257,7164.755634203628,1.0,1.05,0.95,0.43574999999999997,0.11875,10.0,0.043574999999999996,1.0,11352.0
41.0,1045.5240517635737,3049.4051960747147,7257.070752161704,1.0,1.05,0.95,0.43574999999999997,0.11875,10.0,0.043574999999999996,1.0,11352.0
41.25,1014.9287891017732,2989.471241978047,7347.599968920173,1.0,1.05,0.95,0.43574999999999997,0.11875,10.0,0.043574999999999996,1.0,11352.0
41.5,985.8125703438553,2929.837533239742,7436.3498964163955,1.0,1.05,0.95,0.43574999999999997,0.11875,10.0,0.043574999999999996,1.0,11352.0
41.75,958.0957815806013,2870.574770234941,7523.3294481844505,1.0,1.05,0.95,0.43574999999999997,0.11875,10.0,0.043574999999999996,1.0,11352.0
42.0,931.7031428243104,2811.747220499882,7608.549636675801,1.0,1.05,0.95,0.43574999999999997,0.11875,10.0,0.043574999999999996,1.0,11352.0
42.25,906.5635142470909,2753.4131034685115,7692.023382284391,1.0,1.05,0.95,0.43574999999999997,0.11875,10.0,0.043574999999999996,1.0,11352.0
42.5,882.609702437055,2695.624963769326,7773.765333793613,1.0,1.05,0.95,0.43574999999999997,0.11875,10.0,0.043574999999999996,1.0,11352.0
42.75,859.7782684700777,2638.430031624401,7853.791699905514,1.0,1.05,0.95,0.43574999999999997,0.11875,10.0,0.043574999999999996,1.0,11352.0
43.0,838.0093392423364,2581.870569288293,7932.120091469364,1.0,1.05,0.95,0.43574999999999997,0.11875,10.0,0.043574999999999996,1.0,11352.0
43.25,817.2464232057132,2525.9842027991704,8008.76937399511,1.0,1.05,0.95,0.43574999999999997,0.11875,10.0,0.043574999999999996,1.0,11352.0
43.5,797.43623138909,2470.804238595193,8083.759530015711,1.0,1.05,0.95,0.43574999999999997,0.11875,10.0,0.043574999999999996,1.0,11352.0
43.75,778.528504368653,2416.3599647823353,8157.111530849005,1.0,1.05,0.95,0.43574999999999997,0.11875,10.0,0.043574999999999996,1.0,11352.0
44.0,760.4758456648937,2362.6769370316188,8228.84721730348,1.0,1.05,0.95,0.43574999999999997,0.11875,10.0,0.043574999999999996,1.0,11352.0
44.25,743.2335618887884,2309.777249239598,8298.989188871607,1.0,1.05,0.95,0.43574999999999997,0.11875,10.0,0.043574999999999996,1.0,11352.0
44.5,726.759509830733,2257.6797892108525,8367.560700958407,1.0,1.05,0.95,0.43574999999999997,0.11875,10.0,0.043574999999999996,1.0,11352.0
44.75,711.0139505796973,2206.4004797196912,8434.585569700605,1.0,1.05,0.95,0.43574999999999997,0.11875,10.0,0.043574999999999996,1.0,11352.0
45.0,695.9594106735699,2155.9525053841403,8500.088083942283,1.0,1.05,0.95,0.43574999999999997,0.11875,10.0,0.043574999999999996,1.0,11352.0
45.25,681.5605502119923,2106.346525842126,8564.092923945875,1.0,1.05,0.95,0.43574999999999997,0.11875,10.0,0.043574999999999996,1.0,11352.0
45.5,667.7840378076362,2057.590875760544,8626.625086431814,1.0,1.05,0.95,0.43574999999999997,0.11875,10.0,0.043574999999999996,1.0,11352.0
45.75,654.598432208689,2009.69175223535,8687.709815555954,1.0,1.05,0.95,0.43574999999999997,0.11875,10.0,0.043574999999999996,1.0,11352.0
46.0,641.9740703923718,1962.6533901571802,8747.372539450442,1.0,1.05,0.95,0.43574999999999997,0.11875,10.0,0.043574999999999996,1.0,11352.0
46.25,629.8829619049604,1916.4782261243004,8805.638811970734,1.0,1.05,0.95,0.43574999999999997,0.11875,10.0,0.043574999999999996,1.0,11352.0
46.5,618.2986892065911,1871.1670514846046,8862.534259308799,1.0,1.05,0.95,0.43574999999999997,0.11875,10.0,0.043574999999999996,1.0,11352.0
46.75,607.1963137678601,1826.7191550823864,8918.084531149749,1.0,1.05,0.95,0.43574999999999997,0.11875,10.0,0.043574999999999996,1.0,11352.0
47.0,596.5522876588278,1783.1324562749103,8972.315256066257,1.0,1.05,0.95,0.43574999999999997,0.11875,10.0,0.043574999999999996,1.0,11352.0
47.25,586.3443703685942,1740.4036287694826,9025.252000861918,1.0,1.05,0.95,0.43574999999999997,0.11875,10.0,0.043574999999999996,1.0,11352.0
47.5,576.5515505943677,1698.5282158146151,9076.920233591012,1.0,1.05,0.95,0.43574999999999997,0.11875,10.0,0.043574999999999996,1.0,11352.0
47.75,567.1539727422411,1657.5007372597454,9127.34528999801,1.0,1.05,0.95,0.43574999999999997,0.11875,10.0,0.043574999999999996,1.0,11352.0
48.0,558.1328678871804,1617.3147889774075,9176.552343135409,1.0,1.05,0.95,0.43574999999999997,0.11875,10.0,0.043574999999999996,1.0,11352.0
48.25,549.470488946551,1577.9631351202702,9224.566375933175,1.0,1.05,0.95,0.43574999999999997,0.11875,10.0,0.043574999999999996,1.0,11352.0
48.5,541.1500498294789,1539.4377936634592,9271.412156507058,1.0,1.05,0.95,0.43574999999999997,0.11875,10.0,0.043574999999999996,1.0,11352.0
48.75,533.1556683331463,1501.7301156604078,9317.114216006443,1.0,1.05,0.95,0.43574999999999997,0.11875,10.0,0.043574999999999996,1.0,11352.0
49.0,525.4723125664871,1464.8308586183987,9361.696828815111,1.0,1.05,0.95,0.43574999999999997,0.11875,10.0,0.043574999999999996,1.0,11352.0
49.25,518.0857506914699,1428.730254378182,9405.183994930345,1.0,1.05,0.95,0.43574999999999997,0.11875,10.0,0.043574999999999996,1.0,11352.0
49.5,510.98250378204943,1393.4180718607502,9447.599424357197,1.0,1.05,0.95,0.43574999999999997,0.11875,10.0,0.043574999999999996,1.0,11352.0
49.75,504.1498016107951,1358.8836750236385,9488.966523365563,1.0,1.05,0.95,0.43574999999999997,0.11875,10.0,0.043574999999999996,1.0,11352.0
50.0,497.57554118305893,1325.1160763491105,9529.308382467827,1.0,1.05,0.95,0.43574999999999997,0.11875,10.0,0.043574999999999996,1.0,11352.0
50.25,491.24824784822323,1292.1039861673319,9568.64776598444,1.0,1.05,0.95,0.43574999999999997,0.11875,10.0,0.043574999999999996,1.0,11352.0
50.5,485.1570388270182,1259.8358580991942,9607.007103073784,1.0,1.05,0.95,0.43574999999999997,0.11875,10.0,0.043574999999999996,1.0,11352.0
50.75,479.29158900305623,1228.2999308858364,9644.408480111104,1.0,1.05,0.95,0.43574999999999997,0.11875,10.0,0.043574999999999996,1.0,11352.0
51.0,473.64209883556344,1197.484266855156,9680.873634309277,1.0,1.05,0.95,0.43574999999999997,0.11875,10.0,0.043574999999999996,1.0,11352.0
51.25,468.19926425876866,1167.3767872596884,9716.423948481539,1.0,1.05,0.95,0.43574999999999997,0.11875,10.0,0.043574999999999996,1.0,11352.0
51.5,462.95424844152166,1137.9653047051634,9751.080446853312,1.0,1.05,0.95,0.43574999999999997,0.11875,10.0,0.043574999999999996,1.0,11352.0
51.75,457.89865528844405,1109.2375528748064,9784.863791836746,1.0,1.05,0.95,0.43574999999999997,0.11875,10.0,0.043574999999999996,1.0,11352.0
52.0,453.0245045712663,1081.1812137410134,9817.794281687717,1.0,1.05,0.95,0.43574999999999997,0.11875,10.0,0.043574999999999996,1.0,11352.0
52.25,448.32420858597226,1053.783942443371,9849.891848970654,1.0,1.05,0.95,0.43574999999999997,0.11875,10.0,0.043574999999999996,1.0,11352.0
52.5,443.7905502379674,1027.0333900000883,9881.176059761941,1.0,1.05,0.95,0.43574999999999997,0.11875,10.0,0.043574999999999996,1.0,11352.0
52.75,439.4166624637109,1000.9172240087172,9911.666113527568,1.0,1.05,0.95,0.43574999999999997,0.11875,10.0,0.043574999999999996,1.0,11352.0
53.0,435.19600890312256,975.4231474815467,9941.380843615327,1.0,1.05,0.95,0.43574999999999997,0.11875,10.0,0.043574999999999996,1.0,11352.0
53.25,431.12236574260004,950.5389159512108,9970.338718306186,1.0,1.05,0.95,0.43574999999999997,0.11875,10.0,0.043574999999999996,1.0,11352.0
53.5,427.18980465367554,926.2523529728337,9998.557842373488,1.0,1.05,0.95,0.43574999999999997,0.11875,10.0,0.043574999999999996,1.0,11352.0
53.75,423.39267675721874,902.5513641404095,10026.055959102368,1.0,1.05,0.95,0.43574999999999997,0.11875,10.0,0.043574999999999996,1.0,11352.0
54.0,419.72559754766763,879.4239497270422,10052.850452725286,1.0,1.05,0.95,0.43574999999999997,0.11875,10.0,0.043574999999999996,1.0,11352.0
54.25,416.18343271605744,856.8582160511309,10078.958351232808,1.0,1.05,0.95,0.43574999999999997,0.11875,10.0,0.043574999999999996,1.0,11352.0
54.5,412.7612848146331,834.8423856635372,10104.396329521825,1.0,1.05,0.95,0.43574999999999997,0.11875,10.0,0.043574999999999996,1.0,11352.0
54.75,409.4544807095895,813.3648064441945,10129.180712846211,1.0,1.05,0.95,0.43574999999999997,0.11875,10.0,0.043574999999999996,1.0,11352.0
55.0,406.2585597719989,792.4139596904731,10153.327480537524,1.0,1.05,0.95,0.43574999999999997,0.11875,10.0,0.043574999999999996,1.0,11352.0
55.25,403.16926276027,771.978467273891,10176.852269965835,1.0,1.05,0.95,0.43574999999999997,0.11875,10.0,0.043574999999999996,1.0,11352.0
55.5,400.1825213505558,752.0470979364117,10199.77038071303,1.0,1.05,0.95,0.43574999999999997,0.11875,10.0,0.043574999999999996,1.0,11352.0
55.75,397.2944482743925,732.6087727925877,10222.096778933017,1.0,1.05,0.95,0.43574999999999997,0.11875,10.0,0.043574999999999996,1.0,11352.0
56.0,394.50132802553213,713.6525700991682,10243.846101875297,1.0,1.05,0.95,0.43574999999999997,0.11875,10.0,0.043574999999999996,1.0,11352.0
56.25,391.79960810043025,695.1677293494511,10265.032662550117,1.0,1.05,0.95,0.43574999999999997,0.11875,10.0,0.043574999999999996,1.0,11352.0
56.5,389.18589073918275,677.1436547456367,10285.670454515179,1.0,1.05,0.95,0.43574999999999997,0.11875,10.0,0.043574999999999996,1.0,11352.0
56.75,386.65692513588334,659.569918098675,10305.77315676544,1.0,1.05,0.95,0.43574999999999997,0.11875,10.0,0.043574999999999996,1.0,11352.0
57.0,384.2096000894038,642.4362612016001,10325.354138708994,1.0,1.05,0.95,0.43574999999999997,0.11875,10.0,0.043574999999999996,1.0,11352.0
57.25,381.84093706749354,625.7325977190878,10344.426465213415,1.0,1.05,0.95,0.43574999999999997,0.11875,10.0,0.043574999999999996,1.0,11352.0
57.5,379.54808365886225,609.4490146329337,10363.002901708202,1.0,1.05,0.95,0.43574999999999997,0.11875,10.0,0.043574999999999996,1.0,11352.0
57.75,377.32830738955755,593.5757732803231,10381.095919330117,1.0,1.05,0.95,0.43574999999999997,0.11875,10.0,0.043574999999999996,1.0,11352.0
58.0,375.1789898814867,578.1033100191344,10398.717700099376,1.0,1.05,0.95,0.43574999999999997,0.11875,10.0,0.043574999999999996,1.0,11352.0
58.25,373.09762133236586,563.0222365520622,10415.88014211557,1.0,1.05,0.95,0.43574999999999997,0.11875,10.0,0.043574999999999996,1.0,11352.0
58.5,371.08179529771667,548.323339939072,10432.594864763209,1.0,1.05,0.95,0.43574999999999997,0.11875,10.0,0.043574999999999996,1.0,11352.0
58.75,369.12920375677845,533.9975823255689,10448.87321391765,1.0,1.05,0.95,0.43574999999999997,0.11875,10.0,0.043574999999999996,1.0,11352.0
59.0,367.2376324453675,520.0361004116895,10464.72626714294,1.0,1.05,0.95,0.43574999999999997,0.11875,10.0,0.043574999999999996,1.0,11352.0
59.25,365.4049564398003,506.4302046862847,10480.164838873912,1.0,1.05,0.95,0.43574999999999997,0.11875,10.0,0.043574999999999996,1.0,11352.0
59.5,363.62913597701066,493.17137844745025,10495.199485575537,1.0,1.05,0.95,0.43574999999999997,0.11875,10.0,0.043574999999999996,1.0,11352.0
59.75,361.90821249693624,480.251276629866,10509.840510873195,1.0,1.05,0.95,0.43574999999999997,0.11875,10.0,0.043574999999999996,1.0,11352.0
60.0,360.2403048941304,467.6617244577227,10524.097970648145,1.0,1.05,0.95,0.43574999999999997,0.11875,10.0,0.043574999999999996,1.0,11352.0
60.25,358.6236059663809,455.39471594063355,10537.981678092983,1.0,1.05,0.95,0.43574999999999997,0.11875,10.0,0.043574999999999996,1.0,11352.0
60.5,357.056379048883,443.44241222864395,10551.501208722471,1.0,1.05,0.95,0.43574999999999997,0.11875,10.0,0.043574999999999996,1.0,11352.0
60.75,355.5369548232335,431.79713984125556,10564.665905335509,1.0,1.05,0.95,0.43574999999999997,0.11875,10.0,0.043574999999999996,1.0,11352.0
61.0,354.06372829118214,420.4513887842696,10577.484882924546,1.0,1.05,0.95,0.43574999999999997,0.11875,10.0,0.043574999999999996,1.0,11352.0
61.25,352.63515590370173,409.397810567217,10589.96703352908,1.0,1.05,0.95,0.43574999999999997,0.11875,10.0,0.043574999999999996,1.0,11352.0
61.5,351.2497528365235,398.629216133181,10602.121031030294,1.0,1.05,0.95,0.43574999999999997,0.11875,10.0,0.043574999999999996,1.0,11352.0
61.75,349.90609040383066,388.13857371192,10613.955335884248,1.0,1.05,0.95,0.43574999999999997,0.11875,10.0,0.043574999999999996,1.0,11352.0
62.0,348.60279360231294,377.9190066063651,10625.47819979132,1.0,1.05,0.95,0.43574999999999997,0.11875,10.0,0.043574999999999996,1.0,11352.0
62.25,347.33853877826226,367.9637909217893,10636.697670299945,1.0,1.05,0.95,0.43574999999999997,0.11875,10.0,0.043574999999999996,1.0,11352.0
62.5,346.11205141083576,358.2663532462252,10647.621595342936,1.0,1.05,0.95,0.43574999999999997,0.11875,10.0,0.043574999999999996,1.0,11352.0
62.75,344.9221040050297,348.82026829003394,10658.257627704934,1.0,1.05,0.95,0.43574999999999997,0.11875,10.0,0.043574999999999996,1.0,11352.0
63.0,343.7675140882979,339.6192564919054,10668.613229419794,1.0,1.05,0.95,0.43574999999999997,0.11875,10.0,0.043574999999999996,1.0,11352.0
63.25,342.64714230511265,330.65718159798723,10678.695676096897,1.0,1.05,0.95,0.43574999999999997,0.11875,10.0,0.043574999999999996,1.0,11352.0
63.5,341.5598906041094,321.92804822030024,10688.512061175586,1.0,1.05,0.95,0.43574999999999997,0.11875,10.0,0.043574999999999996,1.0,11352.0
63.75,340.50470051277426,313.4259993800952,10698.069300107127,1.0,1.05,0.95,0.43574999999999997,0.11875,10.0,0.043574999999999996,1.0,11352.0
64.0,339.48055149493405,305.14531404133885,10707.374134463724,1.0,1.05,0.95,0.43574999999999997,0.11875,10.0,0.043574999999999996,1.0,11352.0
64.25,338.48645938658854,297.0804046390821,10716.433135974326,1.0,1.05,0.95,0.43574999999999997,0.11875,10.0,0.043574999999999996,1.0,11352.0
64.5,337.5214749058872,289.22581460706067,10725.25271048705,1.0,1.05,0.95,0.43574999999999997,0.11875,10.0,0.043574999999999996,1.0,11352.0
64.75,336.58468223329857,281.57621590850215,10733.839101858197,1.0,1.05,0.95,0.43574999999999997,0.11875,10.0,0.043574999999999996,1.0,11352.0
65.0,335.67519765825153,274.1264065737655,10742.19839576798,1.0,1.05,0.95,0.43574999999999997,0.11875,10.0,0.043574999999999996,1.0,11352.0
65.25,334.7921682887433,266.8713082481151,10750.336523463138,1.0,1.05,0.95,0.43574999999999997,0.11875,10.0,0.043574999999999996,1.0,11352.0
65.5,333.93477082061173,259.80596375263076,10758.259265426754,1.0,1.05,0.95,0.43574999999999997,0.11875,10.0,0.043574999999999996,1.0,11352.0
65.75,333.1022103633603,252.92553466097596,10765.97225497566,1.0,1.05,0.95,0.43574999999999997,0.11875,10.0,0.043574999999999996,1.0,11352.0
66.0,332.29371931960145,246.2252988944871,10773.480981785908,1.0,1.05,0.95,0.43574999999999997,0.11875,10.0,0.043574999999999996,1.0,11352.0
66.25,331.50855631535177,239.7006483378067,10780.790795346838,1.0,1.05,0.95,0.43574999999999997,0.11875,10.0,0.043574999999999996,1.0,11352.0
66.5,330.7460051785702,233.34708647705966,10787.906908344366,1.0,1.05,0.95,0.43574999999999997,0.11875,10.0,0.043574999999999996,1.0,11352.0
66.75,330.00537396347653,227.16022606236567,10794.834399974154,1.0,1.05,0.95,0.43574999999999997,0.11875,10.0,0.043574999999999996,1.0,11352.0
67.0,329.2859940183271,221.13578679628864,10801.57821918538,1.0,1.05,0.95,0.43574999999999997,0.11875,10.0,0.043574999999999996,1.0,11352.0
67.25,328.5872190944544,215.26959304964652,10808.143187855894,1.0,1.05,0.95,0.43574999999999997,0.11875,10.0,0.043574999999999996,1.0,11352.0
67.5,327.9084244944992,209.55757160594032,10814.534003899556,1.0,1.05,0.95,0.43574999999999997,0.11875,10.0,0.043574999999999996,1.0,11352.0
67.75,327.2490062578789,203.99574943550928,10820.755244306607,1.0,1.05,0.95,0.43574999999999997,0.11875,10.0,0.043574999999999996,1.0,11352.0
68.0,326.6083803816439,198.5802515003776,10826.811368117973,1.0,1.05,0.95,0.43574999999999997,0.11875,10.0,0.043574999999999996,1.0,11352.0
68.25,325.9859820749753,193.30729859062873,10832.70671933439,1.0,1.05,0.95,0.43574999999999997,0.11875,10.0,0.043574999999999996,1.0,11352.0
68.5,325.3812650456726,188.17320519302214,10838.445529761299,1.0,1.05,0.95,0.43574999999999997,0.11875,10.0,0.043574999999999996,1.0,11352.0
68.75,324.7937008170698,183.1743773924571,10844.031921790467,1.0,1.05,0.95,0.43574999999999997,0.11875,10.0,0.043574999999999996,1.0,11352.0
69.0,324.2227780739035,178.30731080678484,10849.469911119306,1.0,1.05,0.95,0.43574999999999997,0.11875,10.0,0.043574999999999996,1.0,11352.0
69.25,323.66800203573547,173.56858855537644,10854.763409408883,1.0,1.05,0.95,0.43574999999999997,0.11875,10.0,0.043574999999999996,1.0,11352.0
69.5,323.1288938566075,168.95487926176668,10859.91622688162,1.0,1.05,0.95,0.43574999999999997,0.11875,10.0,0.043574999999999996,1.0,11352.0
69.75,322.6049900496767,164.46293509061374,10864.932074859704,1.0,1.05,0.95,0.43574999999999997,0.11875,10.0,0.043574999999999996,1.0,11352.0
70.0,322.0958419356466,160.08958981914125,10869.814568245207,1.0,1.05,0.95,0.43574999999999997,0.11875,10.0,0.043574999999999996,1.0,11352.0
70.25,321.60101511387046,155.83175694316168,10874.567227942962,1.0,1.05,0.95,0.43574999999999997,0.11875,10.0,0.043574999999999996,1.0,11352.0
70.5,321.12008895506426,151.68642781771774,10879.193483227213,1.0,1.05,0.95,0.43574999999999997,0.11875,10.0,0.043574999999999996,1.0,11352.0
70.75,320.6526561146214,147.6506698323221,10883.696674053052,1.0,1.05,0.95,0.43574999999999997,0.11875,10.0,0.043574999999999996,1.0,11352.0
71.0,320.198322065573,143.72162462072342,10888.080053313699,1.0,1.05,0.95,0.43574999999999997,0.11875,10.0,0.043574999999999996,1.0,11352.0
71.25,319.7567046502892,139.8965063050795,10892.346789044626,1.0,1.05,0.95,0.43574999999999997,0.11875,10.0,0.043574999999999996,1.0,11352.0
71.5,319.32743365006115,136.17259977437547,10896.499966575559,1.0,1.05,0.95,0.43574999999999997,0.11875,10.0,0.043574999999999996,1.0,11352.0
71.75,318.9101503717499,132.54725899688495,10900.542590631361,1.0,1.05,0.95,0.43574999999999997,0.11875,10.0,0.043574999999999996,1.0,11352.0
72.0,318.50450725072767,129.01790536643722,10904.477587382831,1.0,1.05,0.95,0.43574999999999997,0.11875,10.0,0.043574999999999996,1.0,11352.0
72.25,318.11016746937815,125.58202608222062,10908.307806448398,1.0,1.05,0.95,0.43574999999999997,0.11875,10.0,0.043574999999999996,1.0,11352.0
72.5,317.72680459045904,122.23717256182384,10912.036022847715,1.0,1.05,0.95,0.43574999999999997,0.11875,10.0,0.043574999999999996,1.0,11352.0
72.75,317.3541022046639,118.98095888718981,10915.664938908143,1.0,1.05,0.95,0.43574999999999997,0.11875,10.0,0.043574999999999996,1.0,11352.0
73.0,316.99175359175587,115.81106028313437,10919.197186125106,1.0,1.05,0.95,0.43574999999999997,0.11875,10.0,0.043574999999999996,1.0,11352.0
73.25,316.63946139467475,112.72521162805991,10922.63532697726,1.0,1.05,0.95,0.43574999999999997,0.11875,10.0,0.043574999999999996,1.0,11352.0
73.5,316.2969373060501,109.72120599647654,10925.981856697468,1.0,1.05,0.95,0.43574999999999997,0.11875,10.0,0.043574999999999996,1.0,11352.0
73.75,315.96390176658036,106.7968932329259,10929.23920500049,1.0,1.05,0.95,0.43574999999999997,0.11875,10.0,0.043574999999999996,1.0,11352.0
74.0,315.6400836747647,103.95017855688909,10932.409737768341,1.0,1.05,0.95,0.43574999999999997,0.11875,10.0,0.043574999999999996,1.0,11352.0
74.25,315.32522010749915,101.17902119824699,10935.49575869425,1.0,1.05,0.95,0.43574999999999997,0.11875,10.0,0.043574999999999996,1.0,11352.0
74.5,315.0190560510725,98.48143306285071,10938.499510886071,1.0,1.05,0.95,0.43574999999999997,0.11875,10.0,0.043574999999999996,1.0,11352.0
74.75,314.72134414211945,95.85547742775034,10941.423178430125,1.0,1.05,0.95,0.43574999999999997,0.11875,10.0,0.043574999999999996,1.0,11352.0
75.0,314.4318444181108,93.29926766562264,10944.268887916262,1.0,1.05,0.95,0.43574999999999997,0.11875,10.0,0.043574999999999996,1.0,11352.0
75.25,314.15032407697885,90.8109659979314,10947.038709925084,1.0,1.05,0.95,0.43574999999999997,0.11875,10.0,0.043574999999999996,1.0,11352.0
75.5,313.87655724549705,88.38878227634962,10949.734660478147,1.0,1.05,0.95,0.43574999999999997,0.11875,10.0,0.043574999999999996,1.0,11352.0
75.75,313.6103247560498,86.03097279196771,10952.358702451977,1.0,1.05,0.95,0.43574999999999997,0.11875,10.0,0.043574999999999996,1.0,11352.0
76.0,313.3514139314461,83.73583911180992,10954.912746956737,1.0,1.05,0.95,0.43574999999999997,0.11875,10.0,0.043574999999999996,1.0,11352.0
76.25,313.0996183774459,81.50172694217825,10957.39865468037,1.0,1.05,0.95,0.43574999999999997,0.11875,10.0,0.043574999999999996,1.0,11352.0
76.5,312.85473778268556,79.32702501834264,10959.818237198966,1.0,1.05,0.95,0.43574999999999997,0.11875,10.0,0.043574999999999996,1.0,11352.0
76.75,312.6165777257005,77.21016402009566,10962.173258254197,1.0,1.05,0.95,0.43574999999999997,0.11875,10.0,0.043574999999999996,1.0,11352.0
77.0,312.3849494887592,75.14961551269032,10964.465434998543,1.0,1.05,0.95,0.43574999999999997,0.11875,10.0,0.043574999999999996,1.0,11352.0
77.25,312.15966987823555,73.14389091268097,10966.696439209076,1.0,1.05,0.95,0.43574999999999997,0.11875,10.0,0.043574999999999996,1.0,11352.0
77.5,311.9405610512573,71.19154047818898,10968.867898470546,1.0,1.05,0.95,0.43574999999999997,0.11875,10.0,0.043574999999999996,1.0,11352.0
77.75,311.727450348383,69.29115232311707,10970.981397328493,1.0,1.05,0.95,0.43574999999999997,0.11875,10.0,0.043574999999999996,1.0,11352.0
78.0,311.5201701320681,67.44135145483945,10973.038478413086,1.0,1.05,0.95,0.43574999999999997,0.11875,10.0,0.043574999999999996,1.0,11352.0
78.25,311.3185576306941,65.64079883489786,10975.040643534401,1.0,1.05,0.95,0.43574999999999997,0.11875,10.0,0.043574999999999996,1.0,11352.0
78.5,311.12245478794307,63.88819046223787,10976.989354749812,1.0,1.05,0.95,0.43574999999999997,0.11875,10.0,0.043574999999999996,1.0,11352.0
78.75,310.9317081173098,62.18225647852344,10978.88603540416,1.0,1.05,0.95,0.43574999999999997,0.11875,10.0,0.043574999999999996,1.0,11352.0
79.0,310.74616856155427,60.52176029507286,10980.732071143368,1.0,1.05,0.95,0.43574999999999997,0.11875,10.0,0.043574999999999996,1.0,11352.0
79.25,310.56569135690347,58.90549774096367,10982.528810902128,1.0,1.05,0.95,0.43574999999999997,0.11875,10.0,0.043574999999999996,1.0,11352.0
79.5,310.3901359018228,57.33229623185949,10984.277567866313,1.0,1.05,0.95,0.43574999999999997,0.11875,10.0,0.043574999999999996,1.0,11352.0
79.75,310.219365630182,55.80101395911698,10985.979620410697,1.0,1.05,0.95,0.43574999999999997,0.11875,10.0,0.043574999999999996,1.0,11352.0
80.0,310.0532478886508,54.31053909873688,10987.636213012609,1.0,1.05,0.95,0.43574999999999997,0.11875,10.0,0.043574999999999996,1.0,11352.0
80.25,309.8916538181651,52.85978903972885,10989.248557142102,1.0,1.05,0.95,0.43574999999999997,0.11875,10.0,0.043574999999999996,1.0,11352.0
80.5,309.73445823931127,51.447709631465735,10990.81783212922,1.0,1.05,0.95,0.43574999999999997,0.11875,10.0,0.043574999999999996,1.0,11352.0
80.75,309.5815395414836,50.07327444960924,10992.345186008904,1.0,1.05,0.95,0.43574999999999997,0.11875,10.0,0.043574999999999996,1.0,11352.0
81.0,309.4327795756751,48.735484080194965,10993.831736344127,1.0,1.05,0.95,0.43574999999999997,0.11875,10.0,0.043574999999999996,1.0,11352.0
81.25,309.28806355076784,47.43336542147144,10995.278571027759,1.0,1.05,0.95,0.43574999999999997,0.11875,10.0,0.043574999999999996,1.0,11352.0
81.5,309.1472799331955,46.165971003093894,10996.686749063709,1.0,1.05,0.95,0.43574999999999997,0.11875,10.0,0.043574999999999996,1.0,11352.0
81.75,309.0103203498546,44.93237832228039,10998.057301327863,1.0,1.05,0.95,0.43574999999999997,0.11875,10.0,0.043574999999999996,1.0,11352.0
82.0,308.87707949414806,43.73168919654428,10999.391231309306,1.0,1.05,0.95,0.43574999999999997,0.11875,10.0,0.043574999999999996,1.0,11352.0
82.25,308.7474550350463,42.56302913262364,11000.689515832328,1.0,1.05,0.95,0.43574999999999997,0.11875,10.0,0.043574999999999996,1.0,11352.0
82.5,308.62134752906013,41.42554671123503,11001.953105759703,1.0,1.05,0.95,0.43574999999999997,0.11875,10.0,0.043574999999999996,1.0,11352.0
82.75,308.49866033501985,40.31841298728552,11003.182926677693,1.0,1.05,0.95,0.43574999999999997,0.11875,10.0,0.043574999999999996,1.0,11352.0
83.0,308.3792995315617,39.24082090518366,11004.379879563254,1.0,1.05,0.95,0.43574999999999997,0.11875,10.0,0.043574999999999996,1.0,11352.0
83.25,308.263173837226,38.191984728896685,11005.544841433877,1.0,1.05,0.95,0.43574999999999997,0.11875,10.0,0.043574999999999996,1.0,11352.0
83.5,308.1501945330757,37.171139486407895,11006.678665980517,1.0,1.05,0.95,0.43574999999999997,0.11875,10.0,0.043574999999999996,1.0,11352.0
83.75,308.040275387746,36.17754042823484,11007.78218418402,1.0,1.05,0.95,0.43574999999999997,0.11875,10.0,0.043574999999999996,1.0,11352.0
84.0,307.9333325848422,35.21046249967542,11008.856204915483,1.0,1.05,0.95,0.43574999999999997,0.11875,10.0,0.043574999999999996,1.0,11352.0
84.25,307.8292846526029,34.269199826455655,11009.901515520942,1.0,1.05,0.95,0.43574999999999997,0.11875,10.0,0.043574999999999996,1.0,11352.0
84.5,307.7280523957513,33.35306521345932,11010.91888239079,1.0,1.05,0.95,0.43574999999999997,0.11875,10.0,0.043574999999999996,1.0,11352.0
84.75,307.6295588294599,32.46138965622617,11011.909051514314,1.0,1.05,0.95,0.43574999999999997,0.11875,10.0,0.043574999999999996,1.0,11352.0
85.0,307.5337291153551,31.593521864911768,11012.872749019734,1.0,1.05,0.95,0.43574999999999997,0.11875,10.0,0.043574999999999996,1.0,11352.0
85.25,307.44049049949393,30.748827800408346,11013.810681700099,1.0,1.05,0.95,0.43574999999999997,0.11875,10.0,0.043574999999999996,1.0,11352.0
85.5,307.3497722522453,29.92669022233236,11014.723537525424,1.0,1.05,0.95,0.43574999999999997,0.11875,10.0,0.043574999999999996,1.0,11352.0
85.75,307.26150561001157,29.126508248590625,11015.611986141399,1.0,1.05,0.95,0.43574999999999997,0.11875,10.0,0.043574999999999996,1.0,11352.0
86.0,307.1756237187292,28.34769692624296,11016.47667935503,1.0,1.05,0.95,0.43574999999999997,0.11875,10.0,0.043574999999999996,1.0,11352.0
86.25,307.09206157908886,27.589686813385434,11017.318251607529,1.0,1.05,0.95,0.43574999999999997,0.11875,10.0,0.043574999999999996,1.0,11352.0
86.5,307.0107559934178,26.85192357178416,11018.1373204348,1.0,1.05,0.95,0.43574999999999997,0.11875,10.0,0.043574999999999996,1.0,11352.0
86.75,306.9316455141691,26.133867569995516,11018.934486915838,1.0,1.05,0.95,0.43574999999999997,0.11875,10.0,0.043574999999999996,1.0,11352.0
87.0,306.8546703939659,25.43499349671449,11019.710336109321,1.0,1.05,0.95,0.43574999999999997,0.11875,10.0,0.043574999999999996,1.0,11352.0
87.25,306.7797725371482,24.754789984098498,11020.465437478755,1.0,1.05,0.95,0.43574999999999997,0.11875,10.0,0.043574999999999996,1.0,11352.0
87.5,306.70689545277406,24.09275924081968,11021.200345306408,1.0,1.05,0.95,0.43574999999999997,0.11875,10.0,0.043574999999999996,1.0,11352.0
87.75,306.63598420902764,23.448416694604255,11021.91559909637,1.0,1.05,0.95,0.43574999999999997,0.11875,10.0,0.043574999999999996,1.0,11352.0
88.0,306.566985388988,22.821290644022856,11022.611723966991,1.0,1.05,0.95,0.43574999999999997,0.11875,10.0,0.043574999999999996,1.0,11352.0
88.25,306.49984704771515,22.210921919301242,11023.289231032986,1.0,1.05,0.95,0.43574999999999997,0.11875,10.0,0.043574999999999996,1.0,11352.0
88.5,306.43451867061117,21.616863551925956,11023.948617777465,1.0,1.05,0.95,0.43574999999999997,0.11875,10.0,0.043574999999999996,1.0,11352.0
88.75,306.3709511330146,21.0386804528247,11024.590368414163,1.0,1.05,0.95,0.43574999999999997,0.11875,10.0,0.043574999999999996,1.0,11352.0
89.0,306.3090966609898,20.475949098906305,11025.214954240106,1.0,1.05,0.95,0.43574999999999997,0.11875,10.0,0.043574999999999996,1.0,11352.0
89.25,306.24890879327216,19.928257227750116,11025.82283397898,1.0,1.05,0.95,0.43574999999999997,0.11875,10.0,0.043574999999999996,1.0,11352.0
89.5,306.19034234433394,19.39520354023953,11026.41445411543,1.0,1.05,0.95,0.43574999999999997,0.11875,10.0,0.043574999999999996,1.0,11352.0
89.75,306.1333533685334,18.87639741093924,11026.99024922053,1.0,1.05,0.95,0.43574999999999997,0.11875,10.0,0.043574999999999996,1.0,11352.0
90.0,306.07789912531496,18.371458606020422,11027.550642268667,1.0,1.05,0.95,0.43574999999999997,0.11875,10.0,0.043574999999999996,1.0,11352.0
90.25,306.0239380454264,17.88001700854275,11028.096044946033,1.0,1.05,0.95,0.43574999999999997,0.11875,10.0,0.043574999999999996,1.0,11352.0
90.5,305.97142969812137,17.40171235090667,11028.626857950974,1.0,1.05,0.95,0.43574999999999997,0.11875,10.0,0.043574999999999996,1.0,11352.0
90.75,305.9203347593168,16.93619395429371,11029.143471286392,1.0,1.05,0.95,0.43574999999999997,0.11875,10.0,0.043574999999999996,1.0,11352.0
91.0,305.8706149806753,16.483120474917115,11029.64626454441,1.0,1.05,0.95,0.43574999999999997,0.11875,10.0,0.043574999999999996,1.0,11352.0
91.25,305.82223315958413,16.042159656909206,11030.135607183509,1.0,1.05,0.95,0.43574999999999997,0.11875,10.0,0.043574999999999996,1.0,11352.0
91.5,305.7751531100027,15.61298809167615,11030.611858798324,1.0,1.05,0.95,0.43574999999999997,0.11875,10.0,0.043574999999999996,1.0,11352.0
91.75,305.7293396341524,15.195290983554832,11031.075369382295,1.0,1.05,0.95,0.43574999999999997,0.11875,10.0,0.043574999999999996,1.0,11352.0
92.0,305.6847584950223,14.788761921610595,11031.52647958337,1.0,1.05,0.95,0.43574999999999997,0.11875,10.0,0.043574999999999996,1.0,11352.0
92.25,305.6413763896666,14.393102657418492,11031.965520952917,1.0,1.05,0.95,0.43574999999999997,0.11875,10.0,0.043574999999999996,1.0,11352.0
92.5,305.59916092326847,14.00802288867455,11032.39281618806,1.0,1.05,0.95,0.43574999999999997,0.11875,10.0,0.043574999999999996,1.0,11352.0
92.75,305.5580805839482,13.633240048487274,11032.808679367567,1.0,1.05,0.95,0.43574999999999997,0.11875,10.0,0.043574999999999996,1.0,11352.0
93.0,305.5181047182927,13.268479100203328,11033.213416181507,1.0,1.05,0.95,0.43574999999999997,0.11875,10.0,0.043574999999999996,1.0,11352.0
93.25,305.47920350758386,12.913472337624889,11033.607324154795,1.0,1.05,0.95,0.43574999999999997,0.11875,10.0,0.043574999999999996,1.0,11352.0
93.5,305.4413479447058,12.567959190479703,11033.990692864818,1.0,1.05,0.95,0.43574999999999997,0.11875,10.0,0.043574999999999996,1.0,11352.0
93.75,305.40450981170983,12.231686035008298,11034.363804153285,1.0,1.05,0.95,0.43574999999999997,0.11875,10.0,0.043574999999999996,1.0,11352.0
94.0,305.36866165801763,11.904406009536169,11034.726932332449,1.0,1.05,0.95,0.43574999999999997,0.11875,10.0,0.043574999999999996,1.0,11352.0
94.25,305.33377677924364,11.585878834902031,11035.080344385857,1.0,1.05,0.95,0.43574999999999997,0.11875,10.0,0.043574999999999996,1.0,11352.0
94.5,305.2998291966181,11.275870639616455,11035.424300163768,1.0,1.05,0.95,0.43574999999999997,0.11875,10.0,0.043574999999999996,1.0,11352.0
94.75,305.2667936369926,10.974153789628318,11035.759052573381,1.0,1.05,0.95,0.43574999999999997,0.11875,10.0,0.043574999999999996,1.0,11352.0
95.0,305.23464551341175,10.680506722579576,11036.08484776401,1.0,1.05,0.95,0.43574999999999997,0.11875,10.0,0.043574999999999996,1.0,11352.0
95.25,305.2033609062329,10.394713786431874,11036.401925307337,1.0,1.05,0.95,0.43574999999999997,0.11875,10.0,0.043574999999999996,1.0,11352.0
95.5,305.1729165447787,10.116565082351395,11036.71051837287,1.0,1.05,0.95,0.43574999999999997,0.11875,10.0,0.043574999999999996,1.0,11352.0
95.75,305.1432897895065,9.845856311741244,11037.010853898753,1.0,1.05,0.95,0.43574999999999997,0.11875,10.0,0.043574999999999996,1.0,11352.0
96.0,305.1144586146795,9.582388627313431,11037.303152758008,1.0,1.05,0.95,0.43574999999999997,0.11875,10.0,0.043574999999999996,1.0,11352.0
96.25,305.0864015915243,9.325968488095256,11037.587629920381,1.0,1.05,0.95,0.43574999999999997,0.11875,10.0,0.043574999999999996,1.0,11352.0
96.5,305.0590978718617,9.076407518267537,11037.864494609872,1.0,1.05,0.95,0.43574999999999997,0.11875,10.0,0.043574999999999996,1.0,11352.0
96.75,305.0325271721959,8.833522369734744,11038.13395045807,1.0,1.05,0.95,0.43574999999999997,0.11875,10.0,0.043574999999999996,1.0,11352.0
97.0,305.00666975824953,8.597134588329634,11038.396195653422,1.0,1.05,0.95,0.43574999999999997,0.11875,10.0,0.043574999999999996,1.0,11352.0
97.25,304.9815064299307,8.367070483557427,11038.651423086514,1.0,1.05,0.95,0.43574999999999997,0.11875,10.0,0.043574999999999996,1.0,11352.0
97.5,304.9570185067205,8.143161001787032,11038.899820491495,1.0,1.05,0.95,0.43574999999999997,0.11875,10.0,0.043574999999999996,1.0,11352.0
97.75,304.93318781346784,7.9252416027991375,11039.141570583735,1.0,1.05,0.95,0.43574999999999997,0.11875,10.0,0.043574999999999996,1.0,11352.0
98.0,304.9099966665806,7.713152139603319,11039.376851193818,1.0,1.05,0.95,0.43574999999999997,0.11875,10.0,0.043574999999999996,1.0,11352.0
98.25,304.8874278606009,7.5067367414385435,11039.605835397962,1.0,1.05,0.95,0.43574999999999997,0.11875,10.0,0.043574999999999996,1.0,11352.0
98.5,304.8654646551543,7.305843699873647,11039.828691644974,1.0,1.05,0.95,0.43574999999999997,0.11875,10.0,0.043574999999999996,1.0,11352.0
98.75,304.84409076226143,7.110325357926503,11040.045583879813,1.0,1.05,0.95,0.43574999999999997,0.11875,10.0,0.043574999999999996,1.0,11352.0
99.0,304.8232903340018,6.920038002122674,11040.256671663878,1.0,1.05,0.95,0.43574999999999997,0.11875,10.0,0.043574999999999996,1.0,11352.0
99.25,304.80304795052007,6.734841757416393,11040.462110292066,1.0,1.05,0.95,0.43574999999999997,0.11875,10.0,0.043574999999999996,1.0,11352.0
99.5,304.78334860836446,6.5546004848986765,11040.66205090674,1.0,1.05,0.95,0.43574999999999997,0.11875,10.0,0.043574999999999996,1.0,11352.0
99.75,304.7641777091484,6.379181682219346,11040.856640608636,1.0,1.05,0.95,0.43574999999999997,0.11875,10.0,0.043574999999999996,1.0,11352.0
100.0,304.74552104852523,6.208456386651582,11041.046022564826,1.0,1.05,0.95,0.43574999999999997,0.11875,10.0,0.043574999999999996,1.0,11352.0
100.25,304.7273648054686,6.04229908072951,11041.230336113804,1.0,1.05,0.95,0.43574999999999997,0.11875,10.0,0.043574999999999996,1.0,11352.0
100.5,304.70969553184784,5.880587600391088,11041.409716867764,1.0,1.05,0.95,0.43574999999999997,0.11875,10.0,0.043574999999999996,1.0,11352.0
100.75,304.692500142292,5.723203045560339,11041.58429681215,1.0,1.05,0.95,0.43574999999999997,0.11875,10.0,0.043574999999999996,1.0,11352.0
101.0,304.6757659043326,5.570029693104661,11041.754204402565,1.0,1.05,0.95,0.43574999999999997,0.11875,10.0,0.043574999999999996,1.0,11352.0
101.25,304.6594804288186,5.420954912104617,11041.91956465908,1.0,1.05,0.95,0.43574999999999997,0.11875,10.0,0.043574999999999996,1.0,11352.0
101.5,304.64363166059485,5.275869081375247,11042.080499258032,1.0,1.05,0.95,0.43574999999999997,0.11875,10.0,0.043574999999999996,1.0,11352.0
101.75,304.6282078694373,5.134665509179498,11042.237126621385,1.0,1.05,0.95,0.43574999999999997,0.11875,10.0,0.043574999999999996,1.0,11352.0
102.0,304.6131976412371,4.997240355075931,11042.38956200369,1.0,1.05,0.95,0.43574999999999997,0.11875,10.0,0.043574999999999996,1.0,11352.0
102.25,304.5985898694273,4.863492553844373,11042.53791757673,1.0,1.05,0.95,0.43574999999999997,0.11875,10.0,0.043574999999999996,1.0,11352.0
102.5,304.5843737466448,4.73332374143462,11042.682302511923,1.0,1.05,0.95,0.43574999999999997,0.11875,10.0,0.043574999999999996,1.0,11352.0
102.75,304.5705387566208,4.606638182884763,11042.822823060496,1.0,1.05,0.95,0.43574999999999997,0.11875,10.0,0.043574999999999996,1.0,11352.0
103.0,304.5570746662941,4.483342702157071,11042.95958263155,1.0,1.05,0.95,0.43574999999999997,0.11875,10.0,0.043574999999999996,1.0,11352.0
103.25,304.54397151814015,4.363346613840744,11043.092681868022,1.0,1.05,0.95,0.43574999999999997,0.11875,10.0,0.043574999999999996,1.0,11352.0
103.5,304.53121962271035,4.246561656672162,11043.22221872062,1.0,1.05,0.95,0.43574999999999997,0.11875,10.0,0.043574999999999996,1.0,11352.0
103.75,304.5188095513755,4.132901928824538,11043.348288519803,1.0,1.05,0.95,0.43574999999999997,0.11875,10.0,0.043574999999999996,1.0,11352.0
104.0,304.5067321292679,4.022283824920169,11043.470984045814,1.0,1.05,0.95,0.43574999999999997,0.11875,10.0,0.043574999999999996,1.0,11352.0
104.25,304.49497842841606,3.91462597471967,11043.590395596866,1.0,1.05,0.95,0.43574999999999997,0.11875,10.0,0.043574999999999996,1.0,11352.0
104.5,304.48353976106745,3.8098491834437813,11043.70661105549,1.0,1.05,0.95,0.43574999999999997,0.11875,10.0,0.043574999999999996,1.0,11352.0
104.75,304.47240767319323,3.707876373684521,11043.819715953123,1.0,1.05,0.95,0.43574999999999997,0.11875,10.0,0.043574999999999996,1.0,11352.0
105.0,304.46157393817043,3.6086325288635552,11043.929793532967,1.0,1.05,0.95,0.43574999999999997,0.11875,10.0,0.043574999999999996,1.0,11352.0
105.25,304.4510305506366,3.512044638196792,11044.036924811167,1.0,1.05,0.95,0.43574999999999997,0.11875,10.0,0.043574999999999996,1.0,11352.0
105.5,304.44076972051164,3.418041643125258,11044.141188636364,1.0,1.05,0.95,0.43574999999999997,0.11875,10.0,0.043574999999999996,1.0,11352.0
105.75,304.4307838671832,3.326554385173387,11044.242661747645,1.0,1.05,0.95,0.43574999999999997,0.11875,10.0,0.043574999999999996,1.0,11352.0
106.0,304.4210656138499,3.2375155551968477,11044.341418830954,1.0,1.05,0.95,0.43574999999999997,0.11875,10.0,0.043574999999999996,1.0,11352.0
106.25,304.4116077820188,3.150859643983053,11044.437532573998,1.0,1.05,0.95,0.43574999999999997,0.11875,10.0,0.043574999999999996,1.0,11352.0
106.5,304.4024033861526,3.066522894168452,11044.53107371968,1.0,1.05,0.95,0.43574999999999997,0.11875,10.0,0.043574999999999996,1.0,11352.0
106.75,304.3934456284628,2.9844432534376497,11044.6221111181,1.0,1.05,0.95,0.43574999999999997,0.11875,10.0,0.043574999999999996,1.0,11352.0
107.0,304.3847278938437,2.9045603289703257,11044.710711777187,1.0,1.05,0.95,0.43574999999999997,0.11875,10.0,0.043574999999999996,1.0,11352.0
107.25,304.37624374494493,2.8268153431028136,11044.796940911952,1.0,1.05,0.95,0.43574999999999997,0.11875,10.0,0.043574999999999996,1.0,11352.0
107.5,304.3679869173773,2.751151090172078,11044.880861992451,1.0,1.05,0.95,0.43574999999999997,0.11875,10.0,0.043574999999999996,1.0,11352.0
107.75,304.3599513150492,2.6775118945106753,11044.962536790441,1.0,1.05,0.95,0.43574999999999997,0.11875,10.0,0.043574999999999996,1.0,11352.0
108.0,304.3521310056295,2.6058435695621163,11045.04202542481,1.0,1.05,0.95,0.43574999999999997,0.11875,10.0,0.043574999999999996,1.0,11352.0
108.25,304.3445202161334,2.536093378086848,11045.11938640578,1.0,1.05,0.95,0.43574999999999997,0.11875,10.0,0.043574999999999996,1.0,11352.0
108.5,304.3371133286284,2.4682099934298685,11045.194676677942,1.0,1.05,0.95,0.43574999999999997,0.11875,10.0,0.043574999999999996,1.0,11352.0
108.75,304.32990487605656,2.4021434618217397,11045.267951662121,1.0,1.05,0.95,0.43574999999999997,0.11875,10.0,0.043574999999999996,1.0,11352.0
109.0,304.32288953816993,2.3378451656855255,11045.339265296145,1.0,1.05,0.95,0.43574999999999997,0.11875,10.0,0.043574999999999996,1.0,11352.0
109.25,304.3160621375763,2.2752677879228935,11045.408670074501,1.0,1.05,0.95,0.43574999999999997,0.11875,10.0,0.043574999999999996,1.0,11352.0
109.5,304.3094176358919,2.214365277153335,11045.476217086954,1.0,1.05,0.95,0.43574999999999997,0.11875,10.0,0.043574999999999996,1.0,11352.0
109.75,304.30295112999863,2.15509281388114,11045.54195605612,1.0,1.05,0.95,0.43574999999999997,0.11875,10.0,0.043574999999999996,1.0,11352.0
110.0,304.2966578484022,2.0974067775654466,11045.605935374033,1.0,1.05,0.95,0.43574999999999997,0.11875,10.0,0.043574999999999996,1.0,11352.0
110.25,304.29053314768936,2.0412647145693157,11045.668202137742,1.0,1.05,0.95,0.43574999999999997,0.11875,10.0,0.043574999999999996,1.0,11352.0
110.5,304.2845725090805,1.9866253069644446,11045.728802183956,1.0,1.05,0.95,0.43574999999999997,0.11875,10.0,0.043574999999999996,1.0,11352.0
110.75,304.2787715350757,1.9334483421687307,11045.787780122757,1.0,1.05,0.95,0.43574999999999997,0.11875,10.0,0.043574999999999996,1.0,11352.0
111.0,304.2731259461918,1.8816946833945112,11045.845179370415,1.0,1.05,0.95,0.43574999999999997,0.11875,10.0,0.043574999999999996,1.0,11352.0
111.25,304.26763157778714,1.831326240885888,11045.90104218133,1.0,1.05,0.95,0.43574999999999997,0.11875,10.0,0.043574999999999996,1.0,11352.0
111.5,304.2622843769726,1.7823059439241216,11045.955409679105,1.0,1.05,0.95,0.43574999999999997,0.11875,10.0,0.043574999999999996,1.0,11352.0
111.75,304.25708039960585,1.7345977135806327,11046.008321886815,1.0,1.05,0.95,0.43574999999999997,0.11875,10.0,0.043574999999999996,1.0,11352.0
112.0,304.2520158073669,1.6881664361976925,11046.059817756437,1.0,1.05,0.95,0.43574999999999997,0.11875,10.0,0.043574999999999996,1.0,11352.0
112.25,304.24708686491255,1.6429779375774123,11046.109935197512,1.0,1.05,0.95,0.43574999999999997,0.11875,10.0,0.043574999999999996,1.0,11352.0
112.5,304.24228993710796,1.5989989578601582,11046.158711105034,1.0,1.05,0.95,0.43574999999999997,0.11875,10.0,0.043574999999999996,1.0,11352.0
112.75,304.2376214863326,1.556197127074013,11046.206181386595,1.0,1.05,0.95,0.43574999999999997,0.11875,10.0,0.043574999999999996,1.0,11352.0
113.0,304.23307806985923,1.5145409413373998,11046.252380988804,1.0,1.05,0.95,0.43574999999999997,0.11875,10.0,0.043574999999999996,1.0,11352.0
113.25,304.2286563373032,1.4739997396974558,11046.297343923,1.0,1.05,0.95,0.43574999999999997,0.11875,10.0,0.043574999999999996,1.0,11352.0
113.5,304.2243530281412,1.4345436815872032,11046.341103290273,1.0,1.05,0.95,0.43574999999999997,0.11875,10.0,0.043574999999999996,1.0,11352.0
113.75,304.22016496929626,1.3961437248850204,11046.38369130582,1.0,1.05,0.95,0.43574999999999997,0.11875,10.0,0.043574999999999996,1.0,11352.0
114.0,304.2160890727884,1.3587716045603488,11046.425139322653,1.0,1.05,0.95,0.43574999999999997,0.11875,10.0,0.043574999999999996,1.0,11352.0
114.25,304.21212233344835,1.3223998118900027,11046.465477854663,1.0,1.05,0.95,0.43574999999999997,0.11875,10.0,0.043574999999999996,1.0,11352.0
114.5,304.208261826693,1.2870015742298602,11046.504736599078,1.0,1.05,0.95,0.43574999999999997,0.11875,10.0,0.043574999999999996,1.0,11352.0
114.75,304.20450470636075,1.2525508353271222,11046.542944458313,1.0,1.05,0.95,0.43574999999999997,0.11875,10.0,0.043574999999999996,1.0,11352.0
115.0,304.20084820260536,1.2190222361587164,11046.580129561236,1.0,1.05,0.95,0.43574999999999997,0.11875,10.0,0.043574999999999996,1.0,11352.0
115.25,304.1972896198463,1.18639109628181,11046.616319283872,1.0,1.05,0.95,0.43574999999999997,0.11875,10.0,0.043574999999999996,1.0,11352.0
115.5,304.1938263347745,1.1546333956827657,11046.651540269542,1.0,1.05,0.95,0.43574999999999997,0.11875,10.0,0.043574999999999996,1.0,11352.0
115.75,304.19045579441166,1.1237257571112393,11046.685818448477,1.0,1.05,0.95,0.43574999999999997,0.11875,10.0,0.043574999999999996,1.0,11352.0
116.0,304.1871755142222,1.0936454288864736,11046.719179056892,1.0,1.05,0.95,0.43574999999999997,0.11875,10.0,0.043574999999999996,1.0,11352.0
116.25,304.1839830762754,1.064370268163184,11046.751646655563,1.0,1.05,0.95,0.43574999999999997,0.11875,10.0,0.043574999999999996,1.0,11352.0
116.5,304.18087612745774,1.035878724644769,11046.783245147899,1.0,1.05,0.95,0.43574999999999997,0.11875,10.0,0.043574999999999996,1.0,11352.0
116.75,304.17785237773273,1.0081498247319052,11046.813997797537,1.0,1.05,0.95,0.43574999999999997,0.11875,10.0,0.043574999999999996,1.0,11352.0
117.0,304.174909598448,0.9811631560949033,11046.843927245458,1.0,1.05,0.95,0.43574999999999997,0.11875,10.0,0.043574999999999996,1.0,11352.0
117.25,304.1720456206878,0.9548988526585115,11046.873055526654,1.0,1.05,0.95,0.43574999999999997,0.11875,10.0,0.043574999999999996,1.0,11352.0
117.5,304.16925833366986,0.929337579988154,11046.901404086342,1.0,1.05,0.95,0.43574999999999997,0.11875,10.0,0.043574999999999996,1.0,11352.0
117.75,304.16654568318523,0.9044605210668863,11046.928993795747,1.0,1.05,0.95,0.43574999999999997,0.11875,10.0,0.043574999999999996,1.0,11352.0
118.0,304.16390567008034,0.8802493624526326,11046.955844967466,1.0,1.05,0.95,0.43574999999999997,0.11875,10.0,0.043574999999999996,1.0,11352.0
118.25,304.1613363487796,0.8566862808055504,11046.981977370413,1.0,1.05,0.95,0.43574999999999997,0.11875,10.0,0.043574999999999996,1.0,11352.0
118.5,304.15883582584814,0.8337539297756377,11047.007410244374,1.0,1.05,0.95,0.43574999999999997,0.11875,10.0,0.043574999999999996,1.0,11352.0
118.75,304.1564022585926,0.8114354272409599,11047.032162314164,1.0,1.05,0.95,0.43574999999999997,0.11875,10.0,0.043574999999999996,1.0,11352.0
119.0,304.15403385370024,0.7897143428871326,11047.056251803411,1.0,1.05,0.95,0.43574999999999997,0.11875,10.0,0.043574999999999996,1.0,11352.0
119.25,304.151728865914,0.7685746861189438,11047.079696447965,1.0,1.05,0.95,0.43574999999999997,0.11875,10.0,0.043574999999999996,1.0,11352.0
119.5,304.14948559674355,0.7480008942952425,11047.102513508959,1.0,1.05,0.95,0.43574999999999997,0.11875,10.0,0.043574999999999996,1.0,11352.0
119.75,304.14730239321096,0.72797782127846,11047.124719785508,1.0,1.05,0.95,0.43574999999999997,0.11875,10.0,0.043574999999999996,1.0,11352.0
120.0,304.14517764662986,0.7084907262903541,11047.146331627077,1.0,1.05,0.95,0.43574999999999997,0.11875,10.0,0.043574999999999996,1.0,11352.0
